economist,influencedBy
Campbell_Harvey,Eugene Fama
Campbell_Harvey,Merton_Miller
Carl_Menger,Franz_Brentano
Carl_Menger,Adam_Smith
Carl_Menger,Aristotle
Carl_Menger,Immanuel_Kant
Carl_Menger,Herbert_Spencer
Carl_Menger,Étienne_Bonnot_de_Condillac
Carlos_A._Vegh,Guillermo_Calvo
Carmine_Gorga,Franco_Modigliani
Carmine_Gorga,Joseph_Kaipayil
Carmine_Gorga,John_Maynard_Keynes
Prasanta_Pattanaik,Amartya_Sen
Robert_P._Murphy,Richard_Ebeling
Robert_P._Murphy,Murray_Rothbard
Robert_P._Murphy,Ludwig_von_Mises
Robert_P._Murphy,Eugen_von_Böhm-Bawerk
Robert_P._Murphy,Hans-Hermann_Hoppe
Robert_P._Murphy,Israel_Kirzner
Robert_P._Murphy,Joseph_Salerno
Robert_Rowthorn,Karl_Marx
Robert_Solow,Paul_Samuelson
Robert_Sugden,David_Hume
Robert_Sugden,John_Rawls
Robert_Sugden,John_Stuart_Mill
Robert_Sugden,Friedrich_Hayek
Robert_Sugden,Adam_Smith
Robert_Sugden,John_Harsanyi
Robin_Hahnel,Paul_Sweezy
Robin_Hahnel,Cornelius_Castoriadis
Robin_Hahnel,Amartya_Sen
Robin_Hahnel,Oskar_R._Lange
Robin_Hahnel,Joan_Robinson
Robin_Hahnel,John_Maynard_Keynes
Robin_Hahnel,Karl_Marx
Robin_Hahnel,Karl_Polanyi
Robin_Hahnel,Piero_Sraffa
Robin_Hahnel,Micha?_Kalecki
Rogelio_Julio_Frigerio,Celso_Furtado
Rogelio_Julio_Frigerio,Hans_Singer
Rogelio_Julio_Frigerio,Karl_Marx
Rogelio_Julio_Frigerio,Raúl_Prebisch
Roger_Garrison,Ludwig_von_Mises
Roman_Inderst,Benny_Moldovanu
Roy_Harrod,John_Maynard_Keynes
Roy_Harrod,John_A._Hobson
Samuel_Bowles,Karl_Marx
Samuel_Bowles,Karl_Polanyi
Samuel_L._Myers_Sr.,John_Kenneth_Galbraith
Scott_Sumner,Milton_Friedman
Michael_Keane,Kenneth_Wolpin
Michael_Keane,James_Heckman
Michael_Keane,John_Geweke
Benjamin_Anderson,Ludwig_von_Mises
Benjamin_Moll,Robert_M._Townsend
Benjamin_Moll,Abhijit_Banerjee
Benjamin_Moll,"Robert_Lucas,_Jr."
Bennett_McCallum,John_Muth
Bennett_McCallum,"Robert_Lucas,_Jr."
Bernard_van_Praag,Mars_Cramer
Bert_F._Hoselitz,Ludwig_von_Mises
Bert_F._Hoselitz,Jacob_Viner
Bert_F._Hoselitz,Talcott_Parsons
Bill_Mitchell,Karl_Marx
Birgit_Grodal,Werner_Fenchel
David_Chandler_Thomas,Milton_Friedman
David_Chandler_Thomas,Friedrich_Hayek
David_D._Friedman,Ronald_Coase
David_D._Friedman,Rose_Friedman
David_D._Friedman,Richard_Timberlake
David_D._Friedman,Robert_A._Heinlein
David_D._Friedman,Friedrich_Hayek
David_D._Friedman,Murray_Rothbard
David_D._Friedman,Adam_Smith
David_D._Friedman,Alfred_Marshall
David_D._Friedman,Milton_Friedman
David_Prychitko,Ludwig_von_Mises
David_Prychitko,Friedrich_Hayek
David_Prychitko,Armen_Alchian
David_Prychitko,Don_Lavoie
David_R._Henderson,Ayn_Rand
David_R._Henderson,Adam_Smith
David_R._Henderson,Armen_Alchian
David_R._Henderson,John_Maynard_Keynes
David_R._Henderson,Karl_Marx
David_R._Henderson,Milton_Friedman
David_Romer,Robert_Solow
David_Romer,John_Maynard_Keynes
David_Romer,Kenneth_Arrow
David_Vines,James_Meade
David_Vines,John_Maynard_Keynes
David_de_la_Croix,Franz_Palm
David_de_la_Croix,Philippe_Michel
David_de_la_Croix,Jacques_Drèze
David_de_la_Croix,Costas_Azariadis
David_de_la_Croix,Joel_Mokyr
David_de_la_Croix,Oded_Galor
Dean_Jamison,Kenneth_Arrow
Deepak_Nayyar,Paul_Streeten
Dennis_Robertson,Knut_Wicksell
Hyman_Minsky,Joseph_Schumpeter
Hyman_Minsky,Wassily_Leontief
Hyman_Minsky,Henry_Calvert_Simons
Hyman_Minsky,Irving_Fisher
Hyman_Minsky,John_Maynard_Keynes
Hyman_Minsky,Karl_Marx
Hyman_Minsky,Micha?_Kalecki
Hyman_Minsky,Abba_P._Lerner
John_R._Meyer,John_Lintner
John_R._Meyer,Alexander_Gerschenkron
John_Ramsay_McCulloch,David_Ricardo
John_Ramsay_McCulloch,Adam_Smith
John_Ridpath,Ayn_Rand
John_Williamson,William_Baumol
John_Williamson,Oskar_Morgenstern
John_Williamson,James_Tobin
Jonathan_Levin,Paul_Milgrom
Jonathan_Zinman,Jonathan_Gruber
Jordi_Galí,Mark_Gertler
Josef_Steindl,John_Maynard_Keynes
Joseph_Schumpeter,Frédéric_Bastiat
Joseph_T._Salerno,Murray_Rothbard
José_Scheinkman,William_A._Brock
José_Scheinkman,Lionel_McKenzie
Julia_Cagé,Daniel_Cohen
Julia_Cagé,Nathan_Nunn
Julian_Simon,David_Hume
Julian_Simon,Voltaire
Julian_Simon,Edward_Gibbon
Julian_Simon,Friedrich_Hayek
Julian_Simon,William_James
Julian_Simon,Adam_Smith
Julian_Simon,Jean-Jacques_Rousseau
Paul_A._Baran,Josef_Steindl
Paul_A._Baran,John_Kenneth_Galbraith
Paul_A._Baran,Karl_Marx
Paul_A._Baran,Micha?_Kalecki
Paul_Davidson,John_Maynard_Keynes
Paul_Davidson,Sidney_Weintraub
Paul_Joskow,Ronald_Coase
Paul_Joskow,Oliver_E._Williamson
Paul_McCulley,Hyman_Minsky
Paul_McCulley,John_Maynard_Keynes
Paul_McCulley,William_H._Gross
Paul_Newbold,Clive_Granger
Paul_Newbold,George_E._P._Box
Paul_Samuelson,John_Maynard_Keynes
Paul_Sweezy,Rosa_Luxemburg
Paul_Sweezy,Joseph_Schumpeter
Paul_Sweezy,Vladimir_Lenin
Paul_Sweezy,Karl_Marx
Paul_Sweezy,Ladislaus_Bortkiewicz
Paul_Sweezy,Micha?_Kalecki
Paul_de_Rousiers,Pierre_Guillaume_Frédéric_le_Play
Peter_Boettke,Ronald_Coase
Peter_Boettke,Richard_Cornuelle
Peter_Boettke,Vernon_L._Smith
Peter_Boettke,Elinor_Ostrom
Peter_Boettke,Friedrich_Hayek
Peter_Boettke,Frédéric_Bastiat
Peter_Boettke,Murray_Rothbard
Peter_Boettke,Ludwig_von_Mises
Peter_Boettke,Hans_Sennholz
Peter_Boettke,Israel_Kirzner
Peter_Boettke,James_M._Buchanan
Peter_Boettke,Jean-Baptiste_Say
Peter_Boettke,Kenneth_E._Boulding
Peter_Bofinger,John_Maynard_Keynes
Peter_Bofinger,Karl_Schiller
Peter_Bofinger,Wolfgang_Stützel
Peter_Leeson,Gary_Becker
Peter_Leeson,George_Stigler
Peter_Leeson,Gordon_Tullock
Peter_Leeson,Ludwig_von_Mises
Peter_Reinhard_Hansen,Halbert_White
Peter_Reinhard_Hansen,James_D._Hamilton
Peter_Reinhard_Hansen,Soren_Johansen
Peter_Reinhard_Hansen,Robert_Engle
Ricardo_Reis,N._Gregory_Mankiw
Richard_D._Wolff,Rosa_Luxemburg
Richard_D._Wolff,Paul_A._Baran
Richard_D._Wolff,Paul_Sweezy
Richard_D._Wolff,Vladimir_Lenin
Richard_D._Wolff,Friedrich_Engels
Richard_D._Wolff,Antonio_Gramsci
Richard_D._Wolff,Louis_Althusser
Richard_D._Wolff,Étienne_Balibar
Richard_D._Wolff,Eduard_Bernstein
Richard_D._Wolff,Karl_Marx
Richard_D._Wolff,George_Lukács
Richard_Kahn,Gerald_Shove
Richard_Kahn,John_Maynard_Keynes
Richard_Ritter_von_Strigl,Friedrich_von_Wieser
Richard_Ritter_von_Strigl,Ludwig_von_Mises
Richard_Ritter_von_Strigl,Joseph_Schumpeter
Richard_Ritter_von_Strigl,Eugen_von_Böhm-Bawerk
Richard_Ritter_von_Strigl,Léon_Walras
Richard_Roll,Merton_Miller
Richard_Stone,Colin_Clark
Richard_Stone,James_Meade
Richard_Timberlake,Earl_J._Hamilton
Richard_Timberlake,Friedrich_Hayek
Richard_Timberlake,Milton_Friedman
Richard_Tol,Pier_Vellinga
Rick_Kuhn,Karl_Marx
Robert_Basmann,Gerhard_Tintner
Robert_Eisner,John_Maynard_Keynes
Robert_F._Engle,David_Hendry
Robert_Higgs,Ronald_Coase
Robert_Higgs,Joseph_Schumpeter
Robert_Higgs,Murray_Rothbard
Robert_Higgs,Ludwig_von_Mises
Robert_Higgs,Simon_Kuznets
Robert_Higgs,Friedrich_Hayek
Robert_Higgs,Douglass_North
Robert_J._Shiller,George_Akerlof
Robert_J._Shiller,Irving_Fisher
Robert_J._Shiller,John_Maynard_Keynes
Ugo_Pagano,Thorstein_Veblen
Ugo_Pagano,Léon_Walras
Ugo_Pagano,Charles_Darwin
Ugo_Pagano,Karl_Marx
Vera_Anstey,John_Maynard_Keynes
Vernon_L._Smith,Friedrich_Hayek
Victor_Polterovich,Aron_Katsenelinboigen
Victoria_Chick,Hyman_Minsky
Victoria_Chick,John_Maynard_Keynes
Vilfredo_Pareto,G._Mosca
Vilfredo_Pareto,Machiavelli
Vilfredo_Pareto,Adam_Smith
Vilfredo_Pareto,Gustave_de_Molinari
Vilfredo_Pareto,David_Hume
Vilfredo_Pareto,Herbert_Spencer
Vilfredo_Pareto,Maffeo_Pantaleoni
Vilfredo_Pareto,J._de_Maistre
Vilfredo_Pareto,Léon_Walras
Vilfredo_Pareto,Edmund_Burke
Vilfredo_Pareto,G._Sorel
Vilfredo_Pareto,Auguste_Comte
David_O._Meltzer,Gary_Becker
David_O._Meltzer,Sherwin_Rosen
Inge_Kaul,John_Rawls
Inge_Kaul,Richard_Musgrave
Inge_Kaul,Mahbub_ul_Haq
Inge_Kaul,Willy_Brandt
Inge_Kaul,Amartya_Sen
Inge_Kaul,James_Tobin
Inge_Kaul,John_Maynard_Keynes
Ingrid_Robeyns,Amartya_Sen
Ingrid_Robeyns,Martha_Nussbaum
Costas_Lapavitsas,John_Maynard_Keynes
Costas_Lapavitsas,Karl_Marx
Masahiko_Aoki,Leonid_Hurwicz
Mason_Gaffney,Henry_George
Maurice_Allais,Vilfredo_Pareto
Maurice_Allais,Léon_Walras
Maurice_Allais,Irving_Fisher
Maurice_Kugler,Paul_Romer
Maurice_Kugler,Ricardo_Hausmann
Maurice_Kugler,Dani_Rodrik
Maurice_Kugler,John_Haltiwanger
Maurice_Kugler,Michael_Kremer
Mauro_Baranzini,Geoff_Harcourt
Mauro_Baranzini,Luigi_Lodovico_Pasinetti
Max_Hirsch,David_Ricardo
Max_Hirsch,John_Stuart_Mill
Max_Hirsch,Eugen_von_Böhm-Bawerk
Max_Hirsch,Henry_George
Russ_Roberts,Friedrich_Hayek
Russ_Roberts,Gary_Becker
Russ_Roberts,Ayn_Rand
Russ_Roberts,Adam_Smith
Russ_Roberts,Milton_Friedman
Ryuzo_Sato,Richard_Musgrave
Sabina_Alkire,Amartya_Sen
Sabina_Alkire,Martha_Nussbaum
Said_Gafurov,Bertrand_Russell
Said_Gafurov,Alexander_Buzgalin
Said_Gafurov,Karl_Marx
Said_Gafurov,John_Maynard_Keynes
Gary_Yohe,William_Nordhaus
Geoffrey_Hodgson,Thorstein_Veblen
Osamu_Shimomura,John_Maynard_Keynes
Christopher_A._Pissarides,Dale_Mortensen
Christopher_Coyne,Peter_Boettke
Christopher_Coyne,Tyler_Cowen
Christopher_Freeman,Joseph_Schumpeter
Christopher_Freeman,Karl_Marx
Christopher_Freeman,John_Desmond_Bernal
Clarence_Edwin_Ayres,Thorstein_Veblen
Clarence_Edwin_Ayres,John_Dewey
Claude_Hillinger,Robert_Basmann
Clive_Granger,Alok_Bhargava
Clive_Granger,Norbert_Wiener
Clive_Granger,David_Hendry
Clive_Granger,John_Denis_Sargan
Alexandre_Mas,Andreu_Mas-Colell
Edward_Atkinson,Richard_Cobden
Edward_Atkinson,Frédéric_Bastiat
Edward_Atkinson,Adam_Smith
Edward_Atkinson,John_Bright
Edward_C._Harwood,Gottfried_Haberler
Edward_C._Harwood,William_Harold_Hutt
Edward_C._Harwood,William_James
Edward_C._Harwood,Henry_George
Edward_C._Harwood,Henry_Hazlitt
Edward_C._Harwood,Charles_Sanders_Peirce
Edward_C._Harwood,John_Dewey
Edward_C._Harwood,Arthur_F._Bentley
Edward_C._Harwood,Ralph_George_Hawtrey
Edward_Glaeser,Gary_Becker
Edward_Glaeser,Jane_Jacobs
Edward_Glaeser,"Robert_Lucas,_Jr."
Edward_Stringham,David_D._Friedman
Edward_Stringham,Friedrich_Hayek
Edward_Stringham,Murray_Rothbard
Edward_Stringham,Ludwig_von_Mises
Edward_Stringham,Walter_Block
Edwin_Kuh,John_Lintner
Edwin_Kuh,Guy_Orcutt
Edwin_Kuh,James_Duesenberry
Edwin_W._Kemmerer,Jeremiah_Jenks
Elhanan_Helpman,Menahem_Yaari
Elhanan_Helpman,Eitan_Berglas
Elizabeth_Baker,Frederick_Winslow_Taylor
Emmanuel_Saez,Anthony_Barnes_Atkinson
Eprime_Eshag,Joan_Robinson
Eprime_Eshag,Micha?_Kalecki
Eprime_Eshag,John_Maynard_Keynes
Franco_Modigliani,Jacob_Marschak
Franco_Modigliani,John_Maynard_Keynes
Frank_Fetter,Carl_Menger
Frank_Knight,Max_Weber
Frank_Knight,Clarence_Edwin_Ayres
Frank_Knight,John_Bates_Clark
Frank_Knight,Herbert_J._Davenport
Franz_Gehrels,Hans-Werner_Sinn
Franz_Hermann_Schulze-Delitzsch,Friedrich_Wilhelm_Raiffeisen
Franz_Hermann_Schulze-Delitzsch,Ferdinand_Lassalle
Franz_Oppenheimer,David_Ricardo
Franz_Oppenheimer,Ludwig_Gumplowicz
Franz_Oppenheimer,Henry_George
Franz_Palm,Jacques_Drèze
Franz_Palm,Arnold_Zellner
François_Simiand,Émile_Durkheim
François_Simiand,Henri_Bergson
Frederic_Sterling_Lee,Alfred_Eichner
Frederic_Sterling_Lee,Karl_Marx
Frederic_Sterling_Lee,Gardiner_C._Means
Frederic_Sterling_Lee,John_Maynard_Keynes
Friedrich_Hayek,Eugen_von_Böhm-Bawerk
Friedrich_Hayek,Carl_Menger
Friedrich_Hayek,Dean_Tucker
Friedrich_Hayek,Voltaire
Friedrich_Hayek,John_Stuart_Mill
Friedrich_Hayek,C._Schmitt
Friedrich_Hayek,Edward_Gibbon
Friedrich_Hayek,Frank_Fetter
Friedrich_Hayek,Friedrich_von_Wieser
Friedrich_Hayek,Tocqueville
Friedrich_Hayek,Adam_Ferguson
Friedrich_Hayek,Adam_Smith
Friedrich_Hayek,Algernon_Sidney
Friedrich_Hayek,Jean-Jacques_Rousseau
Friedrich_Hayek,John_Maynard_Keynes
Friedrich_Hayek,Karl_Marx
Friedrich_Hayek,David_Hume
Friedrich_Hayek,H._Belloc
Friedrich_Hayek,Ludwig_Wittgenstein
Friedrich_Hayek,Bernard_Mandeville
Friedrich_Hayek,John_Locke
Friedrich_Hayek,Ludwig_von_Mises
Friedrich_Hayek,Edmund_Burke
Friedrich_Hayek,E._Mach
Friedrich_Hayek,O._Spann
Friedrich_Hayek,Lord_Acton
Friedrich_Hayek,W._Eucken
Friedrich_Hayek,Karl_Popper
Friedrich_Hayek,Knut_Wicksell
Friedrich_List,Jean-Antoine_Chaptal
Friedrich_von_Wieser,Carl_Menger
Friedrich_von_Wieser,Eugen_von_Böhm-Bawerk
Fritz_Machlup,Friedrich_Hayek
Fritz_Machlup,Friedrich_von_Wieser
Fritz_Machlup,Ludwig_von_Mises
Frédéric_Lordon,Baruch_Spinoza
Fumio_Hayashi,Christopher_A._Sims
Fumio_Hayashi,Edward_C._Prescott
Fumio_Hayashi,Takashi_Negishi
Fumio_Hayashi,Martin_Feldstein
Gary_Becker,Theodore_Schultz
Gary_Becker,Milton_Friedman
Gary_Smith,James_Tobin
Georg_Friedrich_Knapp,Ferdinand_Lassalle
George_Akerlof,John_Maynard_Keynes
George_Grantham,Adam_Smith
George_Grantham,John_Maynard_Keynes
George_Loewenstein,Richard_Thaler
George_Reisman,Carl_Menger
George_Reisman,David_Ricardo
George_Reisman,John_Stuart_Mill
George_Reisman,Frédéric_Bastiat
George_Reisman,Ludwig_von_Mises
George_Reisman,Ayn_Rand
George_Reisman,Adam_Smith
George_Reisman,Eugen_von_Böhm-Bawerk
George_Reisman,Henry_Hazlitt
George_Reisman,James_Mill
George_S._Tolley,D._Gale_Johnson
George_S._Tolley,Theodore_Schultz
George_Selgin,David_Laidler
George_Selgin,Friedrich_Hayek
George_Selgin,Lawrence_H._White
George_Selgin,Leland_Yeager
George_Selgin,Knut_Wicksell
George_Selgin,Milton_Friedman
George_Stigler,Henry_Calvert_Simons
George_Stigler,Jacob_Viner
George_Stigler,Milton_Friedman
Gilles_Saint-Paul,Michael_J._Piore
Giovanni_Dosi,Christopher_Freeman
Giovanni_Dosi,Thomas_Kuhn
Giovanni_Dosi,Keith_Pavitt
Giovanni_Dosi,Herbert_A._Simon
Giovanni_Dosi,Richard_R._Nelson
Giovanni_Dosi,Sidney_Winter
Giuseppe_Chirichiello,Mario_Arcelli
Gordon_Tullock,Ludwig_von_Mises
Gordon_Tullock,Duncan_Black
Gordon_Tullock,Henry_Calvert_Simons
Gottfried_Feder,Rudolf_Jung
Gottfried_Feder,Ludwig_Feuerbach
Gottfried_Feder,Silvio_Gesell
Gottfried_Feder,Wilhelm_Marr
Gottfried_Haberler,Friedrich_von_Wieser
Morris_Copeland,Thorstein_Veblen
Morris_Copeland,John_Maurice_Clark
Morris_Copeland,Wesley_Clair_Mitchell
Morris_Copeland,Walter_W._Stewart
Murray_Rothbard,Carl_Menger
Murray_Rothbard,Sam_Francis_(writer)
Murray_Rothbard,Eugen_von_Böhm-Bawerk
Murray_Rothbard,Frédéric_Bastiat
Murray_Rothbard,Benjamin_Tucker
Murray_Rothbard,Richard_Cantillon
Murray_Rothbard,Frank_Chodorov
Murray_Rothbard,Franz_Oppenheimer
Murray_Rothbard,Garet_Garrett
Murray_Rothbard,Aquinas
Murray_Rothbard,Lysander_Spooner
Murray_Rothbard,Étienne_Bonnot_de_Condillac
Murray_Rothbard,Grotius
Murray_Rothbard,H._L._Mencken
Murray_Rothbard,Henry_Hazlitt
Murray_Rothbard,Isabel_Paterson
Murray_Rothbard,Aristotle
Murray_Rothbard,Herbert_Spencer
Murray_Rothbard,John_Locke
Murray_Rothbard,Ludwig_von_Mises
Murray_Rothbard,Gaetanus
Murray_Rothbard,Anne_Turgot
Murray_Rothbard,A._J._Nock
Murray_Rothbard,De_Vitoria
Myron_J._Gordon,John_Maynard_Keynes
Myron_Scholes,George_Stigler
Myron_Scholes,Milton_Friedman
Thomas_DiLorenzo,John_T._Flynn
Thomas_DiLorenzo,Henry_Hazlitt
Thomas_Hazlett,Carl_Menger
Thomas_Hazlett,Friedrich_Hayek
Thomas_Hodgskin,Adam_Smith
Thomas_Hodgskin,Jean-Baptiste_Say
Thomas_Hodgskin,John_Locke
Thomas_J._Sargent,Christopher_A._Sims
Thomas_J._Sargent,Neil_Wallace
Thomas_J._Sargent,"Robert_Lucas,_Jr."
Thomas_J._Sargent,John_F._Muth
Thomas_Mayer,John_Maynard_Keynes
Thomas_Mayer,Juergen_B._Donges
Thomas_Piketty,Simon_Kuznets
Thomas_Piketty,Adam_Smith
Thomas_Piketty,John_Maynard_Keynes
Thomas_Piketty,Anthony_Atkinson
Thomas_Robert_Malthus,David_Hume
Thomas_Robert_Malthus,David_Ricardo
Thomas_Robert_Malthus,Voltaire
Thomas_Robert_Malthus,Edward_Gibbon
Thomas_Robert_Malthus,William_Godwin
Thomas_Robert_Malthus,Adam_Smith
Thomas_Robert_Malthus,Jean_de_Sismondi
Thomas_Robert_Malthus,Jean-Jaques_Rousseau
Thomas_Schelling,Carl_von_Clausewitz
Thomas_Schelling,Niccolò_Machiavelli
Thorstein_Veblen,Edward_Bellamy
Thorstein_Veblen,Georges_Vacher_de_Lapouge
Thorstein_Veblen,Thomas_Paine
Thorstein_Veblen,Lester_Frank_Ward
Thorstein_Veblen,William_Graham_Sumner
Thorstein_Veblen,William_James
Thorstein_Veblen,Gustav_von_Schmoller
Thorstein_Veblen,Henri_de_Saint-Simon
Thorstein_Veblen,Herbert_Spencer
Thorstein_Veblen,Charles_Fourier
Thorstein_Veblen,John_Bates_Clark
Thorstein_Veblen,John_Dewey
David_Gordon,Samuel_Bowles
David_Gordon,Karl_Marx
David_Laibson,Benjamin_M._Friedman
David_Laibson,Matthew_Rabin
John_R._Commons,Henry_Dunning_Macleod
Ludwig_von_Mises,Carl_Menger
Ludwig_von_Mises,Max_Weber
Ludwig_von_Mises,Frank_Fetter
Ludwig_von_Mises,Friedrich_von_Wieser
Ludwig_von_Mises,Edmund_Husserl
Ludwig_von_Mises,Eugen_von_Böhm-Bawerk
Ludwig_von_Mises,Jean-Baptiste_Say
Ludwig_von_Mises,Immanuel_Kant
Andreas_Freytag,Juergen_B._Donges
Andreas_Freytag,Walter_Eucken
Andreas_Freytag,Eugen_von_Böhm-Bawerk
Andreas_Freytag,Jan_Tinbergen
Andrei_Shleifer,Lawrence_Summers
Andrei_Shleifer,Milton_Friedman
Andrew_Metrick,Eric_Maskin
Andrew_Metrick,James_Tobin
Anis_Ahmad,Interdisciplinarity
Anis_Ahmad,Integration_of_Ethical_Values_in_Education
Anna_Schwartz,Milton_Friedman
Anthony_Downs,Joseph_Schumpeter
Anthony_Downs,Kenneth_Arrow
Anu_Muhammad,Karl_Marx
Anu_Muhammad,Lenin
Apostolos_Serletis,William_A._Barnett
Leland_B._Yeager,Friedrich_Hayek
Leland_B._Yeager,Murray_Rothbard
Leland_B._Yeager,Ludwig_von_Mises
Leonard_Read,Frédéric_Bastiat
Leonard_Read,Murray_Rothbard
Leonard_Read,Ludwig_von_Mises
Leonard_Read,Ayn_Rand
Leonard_Read,Albert_Jay_Nock
Leonard_Read,Henry_Hazlitt
Leonard_Read,Milton_Friedman
Leonard_Read,Friedrich_Hayek
Leonid_Hurwicz,Friedrich_Hayek
Leonid_Hurwicz,Tjalling_Koopmans
Leonid_Hurwicz,Jacob_Marschak
Lionel_Robbins,Ludwig_von_Mises
Lionel_Robbins,William_Stanley_Jevons
Lionel_Robbins,Philip_Wicksteed
Lionel_Robbins,Nathan_Isaacs
Lloyd_Best,W._Arthur_Lewis
Lorenz_von_Stein,Robert_von_Mohl
Lorenz_von_Stein,Benjamin_Constant
Lorenz_von_Stein,Henri_de_Saint-Simon
Lorenz_von_Stein,Charles_Fourier
Lorenz_von_Stein,Marquis_de_Condorcet
Lorenz_von_Stein,Jean_de_Sismondi
Lorenz_von_Stein,G._W._F._Hegel
Louis_Preston_Garrison,Pharmacoeconomics
Ludwig_Lachmann,Carl_Menger
Ludwig_Lachmann,Max_Weber
Ludwig_Lachmann,Friedrich_Hayek
Ludwig_Lachmann,G._L._S._Shackle
Ludwig_Lachmann,Ludwig_von_Mises
Ludwig_Lachmann,Alfred_Schütz
Luigi_Amoroso,Vilfredo_Pareto
Luigi_Pasinetti,Richard_Kahn
Luigi_Pasinetti,Piero_Sraffa
Luiz_Carlos_Bresser-Pereira,Max_Weber
Luiz_Carlos_Bresser-Pereira,Celso_Furtado
Luiz_Carlos_Bresser-Pereira,Nicholas_Kaldor
Luiz_Carlos_Bresser-Pereira,John_Kenneth_Galbraith
Luiz_Carlos_Bresser-Pereira,John_Maynard_Keynes
Luiz_Carlos_Bresser-Pereira,Karl_Marx
Léon_Walras,Adam_Smith
Léon_Walras,Étienne_Vacherot
Léon_Walras,Jean_Baptiste_Say
Léon_Walras,Augustin_Cournot
M._A._Oommen,Amartya_Sen
M._A._Oommen,Karl_Marx
Makoto_Itoh,Karl_Marx
Makoto_Itoh,Kozo_Uno
Silvio_Gesell,Theodor_Hertzka
Silvio_Gesell,Henry_George
Silvio_Gesell,Pierre_Joseph_Proudhon
Stan_Zin,Robert_Lucas_Jr.
Stan_Zin,David_K._Backus
Stan_Zin,Edward_C._Prescott
Stan_Zin,Thomas_J._Sargent
Stan_Zin,Larry_G._Epstein
Stan_Zin,Lars_Peter_Hansen
Stanley_Reiter,Kenneth_Arrow
Stephany_Griffith-Jones,Hyman_Minsky
Stephany_Griffith-Jones,Joseph_Stiglitz
Stephany_Griffith-Jones,James_Tobin
Stephany_Griffith-Jones,Charles_P._Kindleberger
Stephany_Griffith-Jones,John_Kenneth_Galbraith
Stephany_Griffith-Jones,John_Maynard_Keynes
Stephen_Hymer,Karl_Marx
Stephen_Marglin,Friedrich_Hayek
Stephen_Marglin,John_Maynard_Keynes
Stephen_Marglin,Karl_Marx
Stephen_Resnick,Louis_Althusser
Stephen_Resnick,Étienne_Balibar
Stephen_Resnick,Karl_Marx
Steve_Hanke,Robert_Mundell
Steve_Hanke,Ronald_Coase
Steve_Hanke,Friedrich_Hayek
Steve_Hanke,Milton_Friedman
Steve_Hanke,Peter_Thomas_Bauer
Steve_Hanke,Kenneth_Boulding
Steve_Keen,Richard_M._Goodwin
Steve_Keen,Hyman_Minsky
Steve_Keen,Joseph_Schumpeter
Steve_Keen,François_Quesnay
Steve_Keen,Thorstein_Veblen
Steve_Keen,Augusto_Graziani
Steve_Keen,Nicholas_Georgescu-Roegen
Steve_Keen,Irving_Fisher
Steve_Keen,John_Maynard_Keynes
Steve_Keen,Karl_Marx
Steve_Keen,Piero_Sraffa
Steve_Keen,Basil_Moore
Steven_Landsburg,Ronald_Coase
Steven_Levitt,Gary_Becker
Steven_Levitt,Kevin_M._Murphy
Steven_Levitt,Josh_Angrist
Steven_N._S._Cheung,Ronald_Coase
Steven_N._S._Cheung,Aaron_Director
Steven_N._S._Cheung,Adam_Smith
Steven_N._S._Cheung,Armen_Alchian
Steven_N._S._Cheung,Jack_Hirshleifer
Steven_N._S._Cheung,Milton_Friedman
Steven_Pressman,John_Kenneth_Galbraith
Steven_Pressman,John_Maynard_Keynes
Yves_Guyot,Gustave_de_Molinari
Zvi_Griliches,Arnold_Harberger
Éric_Pichet,Joseph_Schumpeter
Éric_Pichet,Paul_Feyerabend
Éric_Pichet,Maurice_Allais
Éric_Pichet,Sigmund_Freud
Éric_Pichet,Adam_Smith
Éric_Pichet,Pierre_Bourdieu
Éric_Pichet,Raymond_Barre
Éric_Pichet,Raymond_Boudon
Faye_Duchin,Wassily_Leontief
Franklin_Serrano,Pierangelo_Garegnani
Franklin_Serrano,Piero_Sraffa
František_Ladislav_Chleborád,Franz_Hermann_Schulze-Delitzsch
John_Maurice_Clark,Thorstein_Veblen
Pavlina_R._Tcherneva,Hyman_Minsky
Pavlina_R._Tcherneva,John_Maynard_Keynes
Pavlina_R._Tcherneva,Abba_P._Lerner
Ugo_Panizza,Barry_Eichengreen
Ugo_Panizza,Ricardo_Hausmann
Makoto_Yano,Ronald_W._Jones
Makoto_Yano,Lionel_W._McKenzie
Makoto_Yano,Takashi_Negishi
Mark_Gerard_Hayes,John_Maynard_Keynes
Maurice_Dobb,Karl_Marx
Max_Roser,Angus_Deaton
Max_Roser,Tony_Atkinson
Max_Roser,Amartya_Sen
Max_Roser,Hans_Rosling
Michael_Clemens,William_Easterly
Michael_Clemens,Lant_Pritchett
Michael_Clemens,Michael_Kremer
Axel_Leijonhufvud,Léon_Walras
Axel_Leijonhufvud,John_Maynard_Keynes
Axel_Ockenfels,Reinhard_Selten
Axel_Ockenfels,Alvin_E._Roth
Axel_Ockenfels,Joachim_Weimann
Bakul_Harshadrai_Dholakia,Mahatma_Gandhi
Bakul_Harshadrai_Dholakia,Swami_Vivekananda
Barbara_Bergmann,Gunnar_Myrdal
Bruce_L._Benson,David_D._Friedman
Bruce_L._Benson,Murray_Rothbard
Bruce_L._Benson,James_M._Buchanan
Bruce_L._Benson,Avner_Greif
Bryan_Caplan,Ben_Bernanke
Bryan_Caplan,Ludwig_von_Mises
Bryan_Caplan,James_M._Buchanan
Bryan_Caplan,Michael_Huemer
Bryan_Caplan,Philip_Tetlock
Burton_C._Gray,Friedrich_Hayek
Burton_C._Gray,Michael_Oakeshott
C._H._Douglas,David_Hume
C._H._Douglas,Vilfredo_Pareto
C._H._Douglas,Silvio_Gesell
C._H._Douglas,Adam_Smith
C._H._Douglas,Edmund_Burke
C._H._Douglas,Michel_De_Montaigne
C._H._Douglas,John_Henry_Newman
C._H._Douglas,John_Maynard_Keynes
C._H._Douglas,Karl_Marx
C._H._Douglas,Joseph_De_Maistre
Celso_Furtado,John_Maynard_Keynes
Celso_Furtado,Raúl_Prebisch
Tim_Besley,Amartya_Sen
Tim_Besley,James_M._Buchanan
Tim_Besley,James_Mirrlees
Tim_Kane,Ronald_Reagan
Tim_Kane,Glenn_Hubbard
Tim_Kane,Jim_Mattis
Tim_Kane,Milton_Friedman
Tony_Atkinson,James_Meade
Trygve_Haavelmo,Jan_Tinbergen
Trygve_Haavelmo,John_Maynard_Keynes
Trygve_Haavelmo,Ragnar_Frisch
Tyler_Cowen,Carl_Menger
Tyler_Cowen,Plato
Walter_Block,Ron_Paul
Walter_Block,Friedrich_Hayek
Walter_Block,Murray_Rothbard
Walter_Block,Lew_Rockwell
Walter_Block,Ludwig_von_Mises
Walter_Block,Ayn_Rand
Walter_Block,Hans-Hermann_Hoppe
Walter_Block,H.L._Mencken
Walter_Block,Milton_Friedman
Walter_Eucken,Edmund_Husserl
Werner_De_Bondt,Benjamin_Graham
Werner_De_Bondt,David_Dreman
Werner_De_Bondt,Richard_Thaler
Werner_De_Bondt,Paul_Slovic
Werner_De_Bondt,Amos_Tversky
Werner_De_Bondt,Daniel_Kahneman
Werner_De_Bondt,Jacques_Ellul
Wesley_Clair_Mitchell,Thorstein_Veblen
Wesley_Clair_Mitchell,John_Dewey
Wilhelm_Georg_Friedrich_Roscher,Thucydides
Wilhelm_Georg_Friedrich_Roscher,Adam_Müller
Wilhelm_Georg_Friedrich_Roscher,F._C._Dahlmann
Wilhelm_Röpke,Eugen_von_Böhm-Bawerk
William_A._Barnett,Franco_Modigliani
William_A._Barnett,Thomas_J._Sargent
William_A._Barnett,Simon_Kuznets
William_A._Barnett,Henri_Theil
William_A._Barnett,Milton_Friedman
William_A._Barnett,"Robert_Lucas,_Jr."
William_Baumol,Joseph_Schumpeter
William_Baumol,John_Maynard_Keynes
William_Baumol,Arthur_Cecil_Pigou
William_Easterly,Friedrich_Hayek
William_Easterly,Milton_Friedman
William_Harold_Hutt,Edwin_Cannan
William_Phillips,Irving_Fisher
William_Phillips,John_Maynard_Keynes
William_Vickrey,Harold_Hotelling
William_Vickrey,Henry_George
William_Vickrey,John_Maynard_Keynes
Gary_Gorton,Robert_Barro
Gary_Gorton,Robert_King
Hazel_Kyrk,James_A._Field
Jesse_Rothstein,Richard_Rothstein
Jonathan_Nitzan,Cornelius_Castoriadis
Jonathan_Nitzan,Thorstein_Veblen
Jonathan_Nitzan,Lewis_Mumford
Jonathan_Nitzan,Karl_Marx
Jonathan_Nitzan,Micha?_Kalecki
Lawrence_A._Boland,Karl_Popper
Lawton_Burns,Charles_Bidwell
Lawton_Burns,James_Samuel_Coleman
Aaron_Director,Frank_Knight
Abba_P._Lerner,Paul_Samuelson
Abba_P._Lerner,Friedrich_Hayek
Abba_P._Lerner,Oskar_R._Lange
Abba_P._Lerner,John_Maynard_Keynes
Adam_Heydel,Jean-Baptiste_Say
Adam_Müller,Gustav_Hugo
Adam_Müller,A._H._L._Heeren
Adam_Müller,A._L._von_Schlözer
Adam_Müller,A._W._Schlegel
Adam_Müller,Gentz
Agatha_Chapman,Richard_Stone
Agatha_Chapman,Karl_Marx
Agatha_Chapman,Keynes
Akihiko_Matsui,Masahiro_Okuno-Fujiwara
Alan_Walters,Ernest_Cassel
Albert_Ando,Herbert_A._Simon
Albert_Marcet,Thomas_J._Sargent
Alexander_Rüstow,Parmenides
Alfred_Eichner,Joan_Robinson
Alfred_Eichner,Micha?_Kalecki
Alfred_Eichner,John_Maynard_Keynes
Alfred_H._Conrad,Alexander_Gerschenkron
Alfred_Marshall,John_Ruskin
Alfred_Marshall,Jules_Dupuit
Alfred_Marshall,Vilfredo_Pareto
Alfred_Marshall,Thomas_Carlyle
Alfred_Marshall,Léon_Walras
Alfred_Marshall,William_Stanley_Jevons
Alfred_Marshall,Henry_Sidgwick
Allan_H._Meltzer,Karl_Brunner
Allan_H._Meltzer,Milton_Friedman
Alvin_Hansen,John_Maynard_Keynes
Amartya_Sen,John_Rawls
Amartya_Sen,Mary_Wollstonecraft
Amartya_Sen,Gautama_Buddha
Amartya_Sen,Maurice_Dobb
Amartya_Sen,B._R._Ambedkar
Amartya_Sen,Adam_Smith
Amartya_Sen,John_Maynard_Keynes
Amartya_Sen,Karl_Marx
Amartya_Sen,Kenneth_Arrow
Amartya_Sen,Piero_Sraffa
Daron_Acemoglu,Joel_Mokyr
Duncan_Black,Ronald_Coase
Duncan_Black,Anthony_Downs
Duncan_Black,Charles_Lutwidge_Dodgson
Duncan_K._Foley,Samuel_Bowles
Duncan_K._Foley,Louis_Althusser
Duncan_K._Foley,Luigi_Pasinetti
Duncan_K._Foley,Étienne_Balibar
Duncan_K._Foley,Maurice_Dobb
Duncan_K._Foley,William_Baumol
Duncan_K._Foley,Erik_Lindahl
Duncan_K._Foley,Nikolai_Bukharin
Duncan_K._Foley,Karl_Marx
Duncan_K._Foley,Ladislaus_Bortkiewicz
Duncan_K._Foley,Michel_Aglietta
E._Roy_Weintraub,Sidney_Weintraub
E._Roy_Weintraub,Herbert_Wilf
E._Roy_Weintraub,Lawrence_Klein
Ed_Crane,Friedrich_Hayek
Ed_Crane,Ludwig_von_Mises
Ed_Crane,Milton_Friedman
Edmond_Malinvaud,Maurice_Allais
Edmond_Malinvaud,Léon_Walras
Edmund_Phelps,John_Rawls
Edmund_Phelps,Paul_Samuelson
Edmund_Phelps,William_Fellner
Edmund_Phelps,Thomas_Schelling
Eric_Ghysels,Thomas_J._Sargent
Eric_Ghysels,Halbert_White
Eric_Ghysels,Lars_Peter_Hansen
Eric_Ghysels,Christopher_Sims
Eric_Ghysels,Clive_Granger
Eric_Ghysels,Robert_Engle
Erik_Lindahl,Knut_Wicksell
Erik_S._Reinert,Friedrich_List
Erik_S._Reinert,Thorstein_Veblen
Erik_S._Reinert,Gunnar_Myrdal
Erik_S._Reinert,John_Maynard_Keynes
Erik_S._Reinert,Ragnar_Nurkse
Erik_S._Reinert,Joseph_Schumpeter
Erwin_Rothbarth,John_Maynard_Keynes
Erzsébet_Nováky,Mihály_Simai
Ettore_Gotti_Tedeschi,Economic_liberalism
Eugen_von_Böhm-Bawerk,Carl_Menger
Evan_Durbin,G._D._H._Cole
Evan_Durbin,Lionel_Robbins
Evan_Durbin,James_Meade
Evan_Durbin,Solly_Zuckerman
Evan_Durbin,John_Bowlby
Evan_Durbin,Reginald_Bassett
Evan_Durbin,R._H._Tawney
Evsey_Domar,John_Maynard_Keynes
Evsey_Domar,John_A._Hobson
F._A._Harper,Leo_Tolstoy
F._A._Harper,Herbert_J._Davenport
Fernando_Vianello,David_Ricardo
Fernando_Vianello,Adam_Smith
Fernando_Vianello,Paolo_Sylos_Labini
Fernando_Vianello,John_Maynard_Keynes
Fernando_Vianello,Pierangelo_Garegnani
Fernando_Vianello,Piero_Sraffa
Finn_E._Kydland,Robert_S._Kaplan
Andy_Sumner,Simon_Kuznets
Andy_Sumner,Celso_Furtado
Andy_Sumner,W._Arthur_Lewis
Andy_Sumner,Amartya_Sen
Andy_Sumner,Dudley_Seers
Andy_Sumner,Nicholas_Kaldor
Andy_Sumner,Nikolai_Kondratiev
Andy_Sumner,Gunnar_Myrdal
Andy_Sumner,Hans_Singer
Andy_Sumner,Karl_Polanyi
Andy_Sumner,Micha?_Kalecki
Andy_Sumner,Osvaldo_Sunkel
Nicholas_Kaldor,Gunnar_Myrdal
Nicholas_Kaldor,John_Maynard_Keynes
Nicola_Acocella,Luigi_Einaudi
Nicola_Acocella,Bruno_de_Finetti
Nicola_Acocella,Edmund_Phelps
Nicola_Acocella,Federico_Caffè
Nicola_Acocella,Henri_Theil
Nicola_Acocella,Jan_Tinbergen
Nicola_Acocella,Ragnar_Frisch
Nikola_Stoyanov,Vilfredo_Pareto
Nikola_Stoyanov,Clément_Juglar
Nikolai_Kondratiev,Alexander_Sergeyevich_Lappo-Danilevsky
Nikolai_Kondratiev,Mikhail_Tugan-Baranovsky
Nobuo_Okishio,John_Maynard_Keynes
Nobuo_Okishio,Karl_Marx
Nobuo_Okishio,Piero_Sraffa
Norbert_Walter,Herbert_Giersch
Nouriel_Roubini,Hyman_Minsky
Nouriel_Roubini,Jeffrey_Sachs
Nouriel_Roubini,John_Maynard_Keynes
Nouriel_Roubini,Larry_Summers
Oskar_Morgenstern,Carl_Menger
Oskar_Morgenstern,Othmar_Spann
Oskar_R._Lange,Vilfredo_Pareto
Oskar_R._Lange,Ludwig_von_Mises
Oskar_R._Lange,Léon_Walras
Oskar_R._Lange,Karl_Marx
Paolo_Leon,Richard_Kahn
Paolo_Sylos_Labini,Joseph_Schumpeter
Paolo_Sylos_Labini,Adam_Smith
Pascal_Salin,Robert_Mundell
Pascal_Salin,Friedrich_Hayek
Pascal_Salin,Ludwig_von_Mises
Pascal_Salin,Milton_Friedman
Gerald_Shove,Alfred_Marshall
Gernot_Wagner,Martin_Weitzman
Gernot_Wagner,Nat_Keohane
Gernot_Wagner,Richard_Zeckhauser
Guillermo_Calvo,Edmund_Phelps
Guillermo_Calvo,Julio_Olivera
Gunnar_Myrdal,John_R._Commons
Gunnar_Myrdal,Knut_Wicksell
Gunnar_Myrdal,Raúl_Prebisch
Gustav_Cassel,Léon_Walras
Gustave_de_Molinari,Frédéric_Bastiat
Gérard_Debreu,Maurice_Allais
Gérard_Debreu,Léon_Walras
Gérard_Debreu,Henri_Cartan
H._Gregg_Lewis,Paul_Douglas
Ha-Joon_Chang,Robert_Rowthorn
Ha-Joon_Chang,Joseph_Stiglitz
Hans-Hermann_Hoppe,Bertrand_de_Jouvenel
Hans-Hermann_Hoppe,Paul_Lorenzen
Hans-Hermann_Hoppe,Murray_Rothbard
Hans-Hermann_Hoppe,Ludwig_von_Mises
Hans-Hermann_Hoppe,Erik_von_Kuehnelt-Leddihn
Hans-Hermann_Hoppe,Gustave_de_Molinari
Hans-Hermann_Hoppe,Jürgen_Habermas
Hans-Hermann_Hoppe,Karl-Otto_Apel
Hans-Hermann_Hoppe,Karl_Ludwig_von_Haller
Hans-Hermann_Hoppe,Immanuel_Kant
Hans_Sennholz,Ludwig_von_Mises
Hardy_Hanappi,John_von_Neumann
Hardy_Hanappi,Georg_Wilhelm_Friedrich_Hegel
Hardy_Hanappi,Karl_Marx
Hardy_Hanappi,Joseph_Schumpeter
Harry_Gordon_Johnson,Joseph_Schumpeter
Harry_Gunnison_Brown,Henry_George
Harry_Markowitz,Tjalling_Koopmans
Harry_Markowitz,Leonard_Savage
Harvey_J._Levin,William_Vickrey
Harvey_J._Levin,Broadus_Mitchell
Harvey_J._Levin,John_Kenneth_Galbraith
Harvey_J._Levin,John_Maynard_Keynes
Heiner_Flassbeck,Joseph_Schumpeter
Heiner_Flassbeck,John_Maynard_Keynes
Heiner_Flassbeck,Wolfgang_Stützel
Heinrich_Pesch,Rerum_novarum
Hendrik_S._Houthakker,Richard_Stone
Henri_Theil,Jan_Tinbergen
Henry_Calvert_Simons,Frank_Knight
Henry_Hazlitt,Benjamin_Anderson
Henry_Hazlitt,David_Hume
Henry_Hazlitt,Frédéric_Bastiat
Henry_Hazlitt,Ludwig_von_Mises
Henry_Hazlitt,Wilhelm_Röpke
Henry_Hazlitt,William_James
Henry_Hazlitt,Adam_Smith
Henry_Hazlitt,H._L._Mencken
Henry_Hazlitt,Herbert_Spencer
Henry_Hazlitt,Philip_Wicksteed
Henry_Ludwell_Moore,Carl_Menger
Henry_Ludwell_Moore,Vilfredo_Pareto
Henry_Ludwell_Moore,Léon_Walras
Henry_Ludwell_Moore,Karl_Pearson
Henryk_Grossman,Carl_Grünberg
Henryk_Grossman,Karl_Marx
Henryk_Grossman,Jean_de_Sismondi
Herbert_Giersch,Robert_Solow
Herbert_Giersch,Joseph_Schumpeter
Herbert_Giersch,Friedrich_Hayek
Herbert_Giersch,John_Maynard_Keynes
Herbert_Mohring,Robert_Solow
Herman_Daly,John_Stuart_Mill
Herman_Daly,Thomas_Robert_Malthus
Herman_Daly,Nicholas_Georgescu-Roegen
Herman_Daly,Henry_George
Herman_Daly,Irving_Fisher
Herman_Daly,Kenneth_E._Boulding
Hernando_de_Soto,Friedrich_Hayek
Hernando_de_Soto,Bruno_Leoni
Hernando_de_Soto,Milton_Friedman
Hervé_Moulin,John_von_Neumann
Hervé_Moulin,Jean-Charles_de_Borda
Hervé_Moulin,Marquis_de_Condorcet
Hirofumi_Uzawa,Shokichi_Iyanaga
Hirofumi_Uzawa,Joichi_Suetsuna
Hirofumi_Uzawa,Hajime_Kawakami
Hirofumi_Uzawa,Kenneth_Arrow
Irene_Tinker,Ester_Boserup
Irene_Tinker,Margaret_Mead
Irving_Fisher,William_Stanley_Jevons
Irving_Fisher,Eugen_von_Böhm-Bawerk
Israel_Kirzner,Friedrich_Hayek
Israel_Kirzner,Friedrich_von_Wieser
Israel_Kirzner,Ludwig_von_Mises
J._A._Hobson,Albert_F._Mummery
J._A._Hobson,Henry_George
J._A._Hobson,Henry_Hyndman
J._Bradford_DeLong,Andrei_Shleifer
J._Bradford_DeLong,Adam_Smith
J._Bradford_DeLong,John_Maynard_Keynes
J._Bradford_DeLong,Lawrence_Summers
J._Bradford_DeLong,Milton_Friedman
J._K._Mehta,Gandhi
J._K._Mehta,William_Stanley_Jevons
Jack_Amariglio,Richard_D._Wolff
Jack_Amariglio,J._K._Gibson-Graham
Jack_Amariglio,Friedrich_Nietzsche
Jack_Amariglio,Louis_Althusser
Jack_Amariglio,Stephen_Resnick
Jack_Amariglio,Karl_Marx
Jack_Amariglio,Michel_Foucault
Jacob_Mincer,H._Gregg_Lewis
Jacques_Drèze,Robert_J._Aumann
Jacques_Drèze,Franco_Modigliani
Jacques_Drèze,Leonard_Jimmie_Savage
Jacques_Drèze,Edmond_Malinvaud
Jacques_Drèze,Kenneth_Arrow
Jagdish_Bhagwati,Robert_Solow
James_Crotty,John_Maynard_Keynes
James_Crotty,Karl_Marx
James_Duesenberry,Paul_Samuelson
James_Duesenberry,John_Hicks
James_Duesenberry,John_Maynard_Keynes
James_Duesenberry,Micha?_Kalecki
James_G._MacKinnon,Harold_W._Kuhn
James_H._Stock,Clive_Granger
James_Heckman,Gary_Becker
James_Heckman,Albert_Rees
James_Heckman,Jacob_Mincer
James_M._Buchanan,Frank_Knight
James_M._Buchanan,Friedrich_Hayek
James_M._Buchanan,Gordon_Tullock
James_M._Buchanan,Thomas_Hobbes
James_M._Buchanan,Ludwig_von_Mises
James_M._Buchanan,Knut_Wicksell
James_M._Poterba,Martin_Feldstein
James_Meade,John_Maynard_Keynes
Jan-Emmanuel_De_Neve,Richard_Layard
Jan-Emmanuel_De_Neve,John_Kenneth_Galbraith
Jan_Hatzius,William_C._Dudley
Jan_Kmenta,Arthur_Goldberger
Jean-Baptiste_Say,Richard_Cantillon
Jean-Baptiste_Say,Adam_Smith
Jean-Baptiste_Say,Pietro_Verri
Jean-Louis_Arcand,Ricardo_Hausmann
Jean-Louis_Arcand,Amartya_Sen
Jean-Louis_Arcand,James_Heckman
Jean-Louis_Arcand,Jerry_Hausman
Jean_de_Sismondi,Montesquieu
Jean_de_Sismondi,Machiavelli
Jean_de_Sismondi,Adam_Ferguson
Jean_de_Sismondi,Adam_Smith
Jean_de_Sismondi,Jean-Louis_de_Lolme
Jean_Drèze,Amartya_Sen
Huw_Dixon,Robert_Axelrod
Huw_Dixon,Herbert_A._Simon
Huw_Dixon,James_Mirrlees
Huw_Dixon,Don_Patinkin
Jeffrey_Currie,George_S._Tolley
Jeffrey_Currie,Arnold_Zellner
Armen_Alchian,Friedrich_Hayek
Armen_Alchian,Ludwig_von_Mises
Armen_Alchian,Adam_Smith
Arnold_Plant,David_Hume
Arnold_Plant,Edwin_Cannan
Arthur_Cecil_Pigou,Alfred_Marshall
Arthur_Cecil_Pigou,Henry_Sidgwick
Arthur_Seldon,Friedrich_Hayek
Arthur_Seldon,Antony_Fisher
Arthur_Seldon,Milton_Friedman
Athanasios_Asimakopulos,Roy_Harrod
Athanasios_Asimakopulos,Joan_Robinson
Athanasios_Asimakopulos,John_Maynard_Keynes
Athanasios_Asimakopulos,Micha?_Kalecki
Athanasios_Orphanides,Milton_Friedman
Atilla_Yayla,Frédéric_Bastiat
Attilio_Celant,Joseph_Schumpeter
Attilio_Celant,Walter_Christaller
Attilio_Celant,Alfred_Marshall
Attilio_Celant,Alfred_Weber
Attilio_Celant,Amartya_Sen
Attilio_Celant,Federico_Caffè
Attilio_Celant,Gunnar_Myrdal
Attilio_Celant,John_Maynard_Keynes
Charles_Chinedu_Okeahalam,Charles_Goodhart
Charles_Horioka,Martin_Feldstein
Jess_Benhabib,Kelvin_Lancaster
Jesse_Shapiro,Steven_D._Levitt
Jesús_Huerta_de_Soto,Carl_Menger
Jesús_Huerta_de_Soto,Friedrich_Hayek
Jesús_Huerta_de_Soto,Murray_Rothbard
Jesús_Huerta_de_Soto,Ludwig_von_Mises
Jesús_Huerta_de_Soto,Eugen_von_Böhm-Bawerk
Jesús_Huerta_de_Soto,Israel_Kirzner
Joan_Robinson,Adam_Smith
Joan_Robinson,John_Maynard_Keynes
Joan_Robinson,Karl_Marx
Joan_Robinson,Piero_Sraffa
Joan_Robinson,Micha?_Kalecki
Johannes_de_Villiers_Graaff,Abram_Bergson
John_A._List,Vernon_L._Smith
John_A._List,Gary_Becker
John_Bates_Clark,Karl_Knies
John_Burr_Williams,Joseph_Schumpeter
John_C._Goodman,Robert_Mundell
John_C._Goodman,Milton_Friedman
John_Hicks,Friedrich_Hayek
John_Hicks,Lionel_Robbins
John_Hicks,Léon_Walras
John_Hicks,Erik_Lindahl
John_Hicks,John_Maynard_Keynes
John_Komlos,Robert_Fogel
Jun_Yu,Peter_C.B._Phillips
Jörg_Guido_Hülsmann,Rothbard
Jörg_Guido_Hülsmann,H.H._Hoppe
Jörg_Guido_Hülsmann,Aquinas
Jörg_Guido_Hülsmann,Adolf_Reinach
Jörg_Guido_Hülsmann,Oresme
Jörg_Guido_Hülsmann,Van_Dun
Jörg_Guido_Hülsmann,Ludwig_von_Mises
Jörg_Huffschmid,James_Tobin
Jörg_Huffschmid,John_Maynard_Keynes
Jörg_Huffschmid,Karl_Marx
Jürgen_Wolters,Heinz_König
Karen_R._Polenske,Wassily_Leontief
Karl_Polanyi,Carl_Menger
Karl_Polanyi,Robert_Owen
Karl_Polanyi,Richard_Thurnwald
Karl_Polanyi,Max_Weber
Karl_Polanyi,G._D._H._Cole
Karl_Polanyi,Bronis?aw_Malinowski
Karl_Polanyi,Werner_Sombart
Karl_Polanyi,Karl_Bücher
Karl_Polanyi,Adam_Smith
Karl_Polanyi,Alfred_Radcliffe-Brown
Karl_Polanyi,Ferdinand_Tönnies
Karl_Polanyi,György_Lukács
Karl_Polanyi,Aristotle
Karl_Polanyi,Karl_Marx
Karl_Polanyi,Richard_Tawney
Katarina_Juselius,Clive_Granger
Katarina_Juselius,Søren_Johansen
Katarina_Juselius,David_F._Hendry
Kate_Raworth,Elinor_Ostrom
Kate_Raworth,Tim_Jackson
Katsuhito_Iwai,Paul_Samuelson
Katsuhito_Iwai,Hirofumi_Uzawa
Katsuhito_Iwai,Knut_Wicksell
Kazuhide_Uekusa,John_Maynard_Keynes
Kazuhide_Uekusa,Milton_Friedman
Kenneth_Arrow,Alfred_Tarski
Kevin_Dowd,Milton_Friedman
Kevin_M._Murphy,Gary_Becker
Kevin_M._Murphy,Armen_Alchian
Kevin_M._Murphy,Finis_Welch
Kevin_M._Murphy,Robert_Topel
L._Randall_Wray,Hyman_Minsky
Larry_J._Sechrest,Friedrich_Hayek
Larry_J._Sechrest,Murray_Rothbard
Larry_J._Sechrest,Ludwig_von_Mises
Larry_J._Sechrest,Ayn_Rand
Larry_J._Sechrest,Edmund_Burke
Lars_Peter_Hansen,Christopher_A._Sims
Lars_Peter_Hansen,Thomas_J._Sargent
Lars_Pålsson_Syll,Hyman_Minsky
Lars_Pålsson_Syll,Amartya_Sen
Lars_Pålsson_Syll,John_Kenneth_Galbraith
Lars_Pålsson_Syll,John_Maynard_Keynes
Lauchlin_Currie,Allyn_Abbott_Young
Laurence_Kotlikoff,Martin_Feldstein
Lawrence_H._White,Friedrich_Hayek
Lawrence_Klein,Jan_Tinbergen
Lawrence_Reed,Friedrich_Hayek
Lawrence_Reed,Frédéric_Bastiat
Lawrence_Reed,Ludwig_von_Mises
Lawrence_Reed,Henry_Hazlitt
Søren_Johansen,Clive_Granger
Søren_Johansen,David_F._Hendry
Takashi_Negishi,Kenneth_Arrow
Herbert_J._Davenport,Thorstein_Veblen
Gerhard_Tintner,Oskar_Morgenstern
Glenn_Loury,Gary_Becker
Glenn_Loury,Thomas_Sowell
Don_Patinkin,Oskar_R._Lange
Don_Patinkin,Frank_Knight
Don_Patinkin,John_Maynard_Keynes
Don_Patinkin,Knut_Wicksell
Donald_Cochrane,Richard_Stone
Donald_J._Boudreaux,Deirdre_McCloskey
Donald_J._Boudreaux,Friedrich_Hayek
Donald_J._Boudreaux,Adam_Smith
Donald_J._Boudreaux,James_M._Buchanan
Marc_Lavoie,Richard_Kahn
Marc_Lavoie,Nicholas_Kaldor
Marc_Lavoie,Joan_Robinson
Marc_Lavoie,John_Maynard_Keynes
Marc_Lavoie,Micha?_Kalecki
Marc_Lavoie,Wynne_Godley
Mari_Rege,Jan_Tinbergen
Mari_Rege,John_Maynard_Keynes
Mari_Rege,Ragnar_Frisch
Mariana_Mazzucato,Joseph_Schumpeter
Mariana_Mazzucato,John_Maynard_Keynes
Mark_Blaug,George_Stigler
Mark_Gertler,Ben_Bernanke
Mark_Skousen,Ludwig_von_Mises
Mark_Skousen,W._Cleon_Skousen
Mark_Skousen,Adam_Smith
Mark_Skousen,John_Maynard_Keynes
Mark_Skousen,Karl_Marx
Mark_Thornton,Frederic_Bastiat
Mark_Thornton,Murray_Rothbard
Mark_Thornton,Lew_Rockwell
Mark_Thornton,Ludwig_von_Mises
Mark_Watson,Clive_Granger
Markus_Brunnermeier,Ben_Bernanke
Philip_Pilkington,Roy_Harrod
Philip_Pilkington,Léon_Walras
Philip_Pilkington,Nicholas_Kaldor
Philip_Pilkington,Joan_Robinson
Philip_Pilkington,John_Maynard_Keynes
Philip_Pilkington,Micha?_Kalecki
Philip_Pilkington,Wynne_Godley
Philip_Wicksteed,William_Stanley_Jevons
Philip_Wicksteed,Henry_George
Phoebus_Dhrymes,Robert_Solow
Phoebus_Dhrymes,Edwin_Kuh
Pierangelo_Garegnani,Piero_Sraffa
Piero_Sraffa,David_Ricardo
Piero_Sraffa,Luigi_Einaudi
Pierre_Guillaume_Frédéric_le_Play,Joseph_de_Maistre
Ferdynand_Zweig,Adam_Heydel
Igor_Yegorov,Joseph_Schumpeter
Igor_Yegorov,Richard_R._Nelson
Igor_Yegorov,Christopher_Freeman
Kjetil_Storesletten,Finn_Kydland
Knut_Wicksell,David_Ricardo
Knut_Wicksell,Léon_Walras
Knut_Wicksell,Eugen_von_Böhm-Bawerk
Koichi_Hamada,Tjalling_Koopmans
Kozo_Uno,Georg_Wilhelm_Friedrich_Hegel
Kozo_Uno,Karl_Marx
Kálmán_Kádas,Farkas_Heller
Michael_C._Lovell,Edwin_Mills
Michael_C._Lovell,Guy_Orcutt
Michael_Hüther,Walter_Eucken
Michael_James_Farrell,D._G._Champernowne
Michael_James_Farrell,Philip_Andrews
Michael_Kaser,Arthur_Cecil_Pigou
Michael_Kaser,John_Maynard_Keynes
Michael_Spence,Richard_Zeckhauser
Micha?_Kalecki,Rosa_Luxemburg
Micha?_Kalecki,Joseph_Schumpeter
Micha?_Kalecki,François_Quesnay
Micha?_Kalecki,Karl_Marx
Micha?_Kalecki,Knut_Wicksell
Micha?_Kalecki,Mikhail_Tugan-Baranovsky
Michihiro_Kandori,Takashi_Negishi
Miguel_Kast,Milton_Friedman
Miguel_Sidrauski,Arnold_Harberger
Mike_Moffatt,Eric_Maskin
Mike_Moffatt,Milton_Friedman
Milton_Friedman,Homer_Jones
Milton_Friedman,Frank_Knight
Milton_Friedman,Friedrich_Hayek
Milton_Friedman,George_Stigler
Milton_Friedman,Simon_Kuznets
Milton_Friedman,Adam_Smith
Milton_Friedman,Harold_Hotelling
Milton_Friedman,Henry_Calvert_Simons
Milton_Friedman,Henry_George
Milton_Friedman,Henry_Schultz
Milton_Friedman,Jacob_Viner
Milton_Friedman,Arthur_F._Burns
Bruce_Caldwell,Friedrich_Hayek
Bruce_Caldwell,Ludwig_Lachmann
Bruce_Caldwell,Israel_Kirzner
Nassau_William_Senior,Adam_Smith
Neil_Wallace,John_Muth
Neil_Wallace,"Robert_Lucas,_Jr."
Nicholas_Barberis,Richard_Thaler
Oliver_E._Williamson,Ronald_Coase
Oliver_E._Williamson,John_R._Commons
Oliver_E._Williamson,Richard_Cyert
Oliver_E._Williamson,Chester_Barnard
Oliver_E._Williamson,Friedrich_Hayek
Oliver_E._Williamson,Herbert_A._Simon
Oliver_E._Williamson,Kenneth_Arrow
Oliver_E._Williamson,Ian_Roderick_Macneil
Carolina_Cristina_Alves,Rosa_Luxemburg
Carolina_Cristina_Alves,Theotônio_dos_Santos
Carolina_Cristina_Alves,Celso_Furtado
Carolina_Cristina_Alves,Joan_Robinson
Carolina_Cristina_Alves,John_Maynard_Keynes
Carolina_Cristina_Alves,Karl_Marx
Carolina_Cristina_Alves,Jorge_Miglioli
Carolina_Cristina_Alves,Vânia_Bambirra
Rajnish_Mehra,Edward_C._Prescott
Ralph_Harris,Friedrich_Hayek
Randall_G._Holcombe,Murray_Rothbard
Randall_G._Holcombe,James_M._Buchanan
Ravi_Batra,P.R._Sarkar
Ravi_Kanbur,Amartya_Sen
Wolfgang_Franz,Heinz_König
Wolfgang_Kasper,Fritz_Machlup
Wolfgang_Kasper,Thomas_Sowell
Wolfgang_Kasper,Herbert_Giersch
Wolfgang_Kasper,Friedrich_Hayek
Wolfgang_Kasper,Joseph_Schumpeter
Wolfgang_Stützel,John_Maynard_Keynes
Wynne_Godley,Nicholas_Kaldor
Wynne_Godley,James_Tobin
Wynne_Godley,John_Maynard_Keynes
Wynne_Godley,Francis_Cripps
Shimshon_Bichler,Cornelius_Castoriadis
Shimshon_Bichler,Thorstein_Veblen
Shimshon_Bichler,Lewis_Mumford
Shimshon_Bichler,Karl_Marx
Shimshon_Bichler,Micha?_Kalecki
Lorraine_Eden,Carl_Shoup
Lorraine_Eden,Charles_Berry
Lorraine_Eden,Alan_M._Rugman
Lorraine_Eden,John_H._Dunning
Maffeo_Pantaleoni,David_Ricardo
Paul_Rosenstein-Rodan,Ragnar_Nurkse
Thomas_T._Sekine,Karl_Marx
Thomas_T._Sekine,Kozo_Uno
Tony_Aspromourgos,Piero_Sraffa
Nat_Keohane,Martin_Weitzman
Nat_Keohane,Richard_Zeckhauser
Roman_Frydman,Edmund_Phelps
Nadeem_Naqvi,John_Maynard_Keynes
Peter_G._Klein,Carl_Menger
Peter_G._Klein,Friedrich_Hayek
Peter_G._Klein,Friedrich_von_Wieser
Peter_G._Klein,Ludwig_von_Mises
Peter_G._Klein,Oliver_E._Williamson
Thomas_Sowell,Friedrich_Hayek
Thomas_Sowell,George_Stigler
Thomas_Sowell,Sterling_Allen_Brown
Thomas_Sowell,Adam_Smith
Thomas_Sowell,Karl_Marx
Thomas_Sowell,Milton_Friedman
Richard_L._Sandor,Ronald_Coase
Richard_Zeckhauser,Thomas_Schelling
Carlota_Elena_Pérez_Pérez,Joseph_Schumpeter
Carlota_Elena_Pérez_Pérez,Christopher_Freeman
Rhonda_Vonshay_Sharpe,Cecilia_Conrad
Rhonda_Vonshay_Sharpe,William_A._Darity_Jr.
