influencedBy,economist
Carl_Menger,Ron_Paul
Carl_Menger,Friedrich_von_Wieser
Carl_Menger,Murray_Rothbard
Carl_Menger,Ludwig_Lachmann
Carl_Menger,Ludwig_von_Mises
Carl_Menger,Friedrich_Hayek
Carl_Menger,Ayn_Rand
Carl_Menger,Eugen_von_Böhm-Bawerk
Carl_Menger,Henry_Ludwell_Moore
Carl_Menger,Karl_Polanyi
Carl_Shapiro,Hal_Varian
Robert_Rowthorn,Ha-Joon_Chang
Robert_Sugden,Graham_Loomes
Robert_Sugden,Kenneth_Binmore
Rogelio_Julio_Frigerio,Rogelio_Frigerio
Rogelio_Julio_Frigerio,Aldo_Ferrer
Rogelio_Julio_Frigerio,Arturo_Frondizi
Rogelio_Julio_Frigerio,Arturo_Jauretche
Rogelio_Julio_Frigerio,Raúl_Scalabrini_Ortiz
Roy_Harrod,Athanasios_Asimakopulos
Samuel_Bowles,Duncan_K._Foley
Samuel_Bowles,Herbert_Gintis
Barry_Eichengreen,Marcel_Fratzscher
Basil_Moore,Steve_Keen
Basil_Moore,Marc_Lavoie
Basil_Moore,Louis-Philippe_Rochon
Benjamin_Anderson,Henry_Hazlitt
Benjamin_Graham,Bill_Ackman
Benjamin_Graham,David_Dodd
Benjamin_Graham,Warren_Buffett
Benjamin_Graham,William_J._Ruane
Benjamin_Graham,Irving_Kahn
Benjamin_Graham,Jean-Marie_Eveillard
Benjamin_Graham,Seth_Klarman
Benjamin_Graham,Walter_J._Schloss
Bennett_McCallum,Edward_Nelson
Bennett_McCallum,Charles_L._Evans
Bert_F._Hoselitz,"John_Forbes_Nash,_Jr"
Birgit_Grodal,Andreu_Mas-Colell
Birgit_Grodal,Suzanne_Scotchmer
David_D._Friedman,Patri_Friedman
David_D._Friedman,Peter_Leeson
David_D._Friedman,Edward_Stringham
David_D._Friedman,Bryan_Caplan
David_Landes,Jeffrey_Sachs
David_Landes,Jeffrey_Herf
David_Landes,Niall_Ferguson
Horst_Siebert,Jan_Hatzius
Hyman_Minsky,Paul_Krugman
Hyman_Minsky,Paul_McCulley
Hyman_Minsky,Stephany_Griffith-Jones
Hyman_Minsky,Steve_Keen
Hyman_Minsky,Daniele_Archibugi
Hyman_Minsky,Ha-Joon_Chang
Hyman_Minsky,L._Randall_Wray
Hyman_Minsky,Lars_Pålsson_Syll
Hyman_Minsky,Laurence_Meyer
Hyman_Minsky,Michael_Hudson
John_Muth,Edward_C._Prescott
John_Muth,Thomas_J._Sargent
John_Muth,Finn_E._Kydland
John_Muth,Neil_Wallace
John_Muth,"Robert_Lucas,_Jr."
Josef_Steindl,Paul_A._Baran
Joseph_Schumpeter,Carlota_Perez
Joseph_Schumpeter,Robert_Solow
Joseph_Schumpeter,Ronald_Coase
Joseph_Schumpeter,Hyman_Minsky
Joseph_Schumpeter,Paul_Romer
Joseph_Schumpeter,Paul_Sweezy
Joseph_Schumpeter,Peter_Howitt
Joseph_Schumpeter,Douglass_North
Joseph_Schumpeter,Christopher_Freeman
Joseph_Schumpeter,Edward_C._Prescott
Joseph_Schumpeter,Trevor_Swan
Joseph_Schumpeter,William_Baumol
Joseph_Schumpeter,Edith_Penrose
Joseph_Schumpeter,Finn_E._Kydland
Joseph_Schumpeter,Nicholas_Georgescu-Roegen
Joseph_Schumpeter,Ha-Joon_Chang
Joseph_Schumpeter,Heiner_Flassbeck
Joseph_Schumpeter,Kenneth_Arrow
Joseph_Schumpeter,Jack_Downie
Joseph_Schumpeter,Mariana_Mazzucato
Joseph_Schumpeter,Philippe_Aghion
Joseph_Schumpeter,Frederic_M._Scherer
Joseph_Schumpeter,Immanuel_Wallerstein
Juergen_B._Donges,Thomas_Mayer
Juergen_B._Donges,Andreas_Freytag
Paul_A._Baran,Richard_D._Wolff
Paul_A._Baran,Immanuel_Wallerstein
Paul_Samuelson,Stanley_Fischer
Paul_Streeten,Deepak_Nayyar
Paul_Sweezy,Robin_Hahnel
Paul_Sweezy,Richard_D._Wolff
Paul_Sweezy,Norman_Finkelstein
Paul_Sweezy,John_Bellamy_Foster
Paul_Sweezy,Immanuel_Wallerstein
Paul_Sweezy,Yanis_Varoufakis
Peter_Boettke,Peter_Leeson
Peter_Boettke,Christopher_Coyne
Peter_Boettke,Edward_Stringham
Peter_C.B._Phillips,Eric_Zivot
Peter_C.B._Phillips,Steven_Durlauf
Peter_C.B._Phillips,Laurent-Emmanuel_Calvet
Peter_C.B._Phillips,Pierre_Perron
Peter_C.B._Phillips,Mototsugu_Shintani
Peter_Cundill,Warren_Buffett
Richard_D._Wolff,Jack_Amariglio
Richard_D._Wolff,Yanis_Varoufakis
Richard_Easterlin,Eileen_Crimmins
Richard_Kahn,Joan_Robinson
Richard_Kahn,John_Maynard_Keynes
Richard_Timberlake,David_D._Friedman
Robert_Barro,Gary_Gorton
Robert_Barro,Alberto_Alesina
Robert_Basmann,Claude_Hillinger
Robert_F._Engle,Tim_Bollerslev
Robert_F._Engle,Mark_Watson
Robert_J._Shiller,Eric_Janszen
Robert_J._Shiller,Pierre_Perron
Robert_King,Gary_Gorton
Robert_King,Julia_K._Thomas
Vera_Anstey,Braj_Kumar_Nehru
Vilfredo_Pareto,Maurice_Allais
Vilfredo_Pareto,Chester_Barnard
Vilfredo_Pareto,Gaetano_Mosca
Vilfredo_Pareto,Luigi_Amoroso
Vilfredo_Pareto,Alain_de_Benoist
Vilfredo_Pareto,Alfred_Marshall
Vilfredo_Pareto,Norberto_Bobbio
Vilfredo_Pareto,Oskar_R._Lange
Vilfredo_Pareto,Henry_Ludwell_Moore
Vilfredo_Pareto,John_Maynard_Keynes
Vilfredo_Pareto,C._H._Douglas
Donald_Andrews,Eric_Zivot
Masahisa_Fujita,Walter_Isard
Maurice_Allais,Edmond_Malinvaud
Maurice_Allais,Gérard_Debreu
Max_Hirsch,Albert_Jay_Nock
Max_Hirsch,Francis_Neilson
Christopher_Freeman,Carlota_Perez
Christopher_Freeman,Jan_Fagerberg
Christopher_Freeman,Giovanni_Dosi
Christopher_Freeman,Giorgio_Sirilli
Christopher_Freeman,Daniele_Archibugi
Christopher_Freeman,Keith_Pavitt
Christopher_Freeman,Luc_Soete
Christopher_Freeman,Mary_Kaldor
Christopher_Freeman,B.-Å._Lundvall
Clarence_Edwin_Ayres,Frank_Knight
Clive_Granger,Paul_Newbold
Clive_Granger,James_H._Stock
Clive_Granger,Mark_Watson
Clive_Granger,Christopher_Sims
Edward_J._Zajac,James_D._Westphal
Edwin_Kuh,George_de_Menil
Edwin_Kuh,Phoebus_Dhrymes
Edwin_W._Kemmerer,Frederick_Albert_Cleveland
Edwin_W._Kemmerer,Frank_Whitson_Fetter
Emmanuel_Saez,Thomas_Piketty
Franco_Modigliani,William_A._Barnett
Franco_Modigliani,Jacques_Drèze
Franco_Modigliani,Robert_Shiller
Frank_Fetter,Ludwig_von_Mises
Frank_Fetter,Friedrich_Hayek
Frank_Knight,Ronald_Coase
Frank_Knight,David_Rockefeller
Frank_Knight,George_Stigler
Frank_Knight,Steven_N._S._Cheung
Frank_Knight,Henry_Calvert_Simons
Frank_Knight,James_M._Buchanan
Frank_Knight,Charles_E._Lindblom
Frank_Knight,Milton_Friedman
Franz_Hermann_Schulze-Delitzsch,Luigi_Luzzatti
Franz_Hermann_Schulze-Delitzsch,Frantiek_Ladislav_Chleborád
Franz_Hermann_Schulze-Delitzsch,Eduard_Pfeiffer
Franz_Hermann_Schulze-Delitzsch,Victor_Aimé_Huber
Franz_Oppenheimer,Frank_Chodorov
Franz_Oppenheimer,Murray_Rothbard
Franz_Oppenheimer,Ludwig_Erhard
Franz_Oppenheimer,Albert_Jay_Nock
Friedrich_Hayek,Ronald_Coase
Friedrich_Hayek,David_D._Friedman
Friedrich_Hayek,Richard_Timberlake
Friedrich_Hayek,Vernon_L._Smith
Friedrich_Hayek,Elinor_Ostrom
Friedrich_Hayek,George_Selgin
Friedrich_Hayek,George_Stigler
Friedrich_Hayek,Murray_Rothbard
Friedrich_Hayek,Thomas_Sowell
Friedrich_Hayek,Leland_B._Yeager
Friedrich_Hayek,Ludwig_Erhard
Friedrich_Hayek,Walter_E._Williams
Friedrich_Hayek,Abba_P._Lerner
Friedrich_Hayek,Ha-Joon_Chang
Friedrich_Hayek,Henry_Hazlitt
Friedrich_Hayek,Arthur_Laffer
Friedrich_Hayek,Atilla_Yayla
Friedrich_Hayek,John_Hicks
Friedrich_Hayek,Karl_Popper
Friedrich_Hayek,Lawrence_H._White
Friedrich_Hayek,Margaret_Thatcher
Friedrich_Hayek,Milton_Friedman
Friedrich_Hayek,Charles_Edward_Lindblom
Friedrich_List,Erik_S._Reinert
Friedrich_List,Ha-Joon_Chang
Friedrich_List,Arthur_Griffith
Friedrich_von_Wieser,Joseph_Schumpeter
Friedrich_von_Wieser,Ludwig_von_Mises
Friedrich_von_Wieser,Friedrich_Hayek
Fritz_Machlup,John_Williamson
Fritz_Machlup,Edith_Penrose
Fritz_Machlup,Ta-Chung_Liu
Fritz_Machlup,Merton_Miller
Gardiner_Means,Frederic_Sterling_Lee
Gardiner_Means,Abraham_Kaplan
Gardiner_Means,John_Kenneth_Galbraith
Gardiner_Means,"Alfred_D._Chandler,_Jr."
Gardiner_Means,Edwin_Nourse
Gary_Becker,David_O._Meltzer
Gary_Becker,"Roland_G._Fryer,_Jr."
Gene_Grossman,Dani_Rodrik
Gene_Grossman,Pol_Antràs
Georg_Friedrich_Knapp,Kurt_Singer
Georg_Friedrich_Knapp,John_Maynard_Keynes
Georg_Friedrich_Knapp,Ladislaus_Bortkiewicz
George_Akerlof,Robert_Shiller
George_Selgin,David_Beckworth
George_Stigler,Gary_Becker
George_Stigler,Jacques_Drèze
George_Stigler,Mark_Blaug
Gottfried_Feder,Uz?_Nishiyama
Gottfried_Feder,Adolf_Hitler
Gottfried_Feder,Otto_Strasser
Gottfried_Feder,Gregor_Strasser
Morris_Copeland,Perry_Mehrling
Morris_Copeland,Marc_Lavoie
Theodor_Hertzka,Silvio_Gesell
Theodore_Schultz,D._Gale_Johnson
Thomas_Hodgskin,Francis_Place
Thomas_Hodgskin,Kevin_Carson
Thomas_Hodgskin,Karl_Marx
Thomas_Robert_Malthus,Alfred_Russel_Wallace
Thomas_Robert_Malthus,Thanos
Thomas_Robert_Malthus,Charles_Darwin
Thomas_Robert_Malthus,John_Maynard_Keynes
Thomas_Schelling,Robert_Jervis
Thomas_Schelling,Steven_Pinker
Thomas_Schelling,Mark_Kleiman
Thorstein_Veblen,Geoffrey_Hodgson
Thorstein_Veblen,Clarence_Edwin_Ayres
Thorstein_Veblen,Lewis_Mumford
Thorstein_Veblen,John_Maurice_Clark
Thorstein_Veblen,Robert_A._Brady
Thorstein_Veblen,C._Wright_Mills
Thorstein_Veblen,Wesley_Clair_Mitchell
Thorstein_Veblen,Jonathan_Nitzan
Thorstein_Veblen,Edith_Penrose
Thorstein_Veblen,Harold_Innis
Thorstein_Veblen,Henry_A._Wallace
Thorstein_Veblen,John_Kenneth_Galbraith
Thorstein_Veblen,Shimshon_Bichler
David_Laibson,Xavier_Gabaix
John_R._Commons,Gunnar_Myrdal
John_R._Commons,Herbert_A._Simon
John_R._Commons,Edwin_E._Witte
John_R._Commons,Oliver_E._Williamson
Ludwig_von_Mises,Friedrich_Hayek
Ludwig_von_Mises,Murray_Rothbard
Ludwig_von_Mises,Walter_Block
Ludwig_von_Mises,Alfred_Schütz
Ludwig_von_Mises,Hans-Hermann_Hoppe
Ludwig_von_Mises,Henry_Hazlitt
Ludwig_von_Mises,Joseph_Salerno
Ludwig_von_Mises,Jesus_Huerta_de_Soto
Merton_Miller,Richard_Roll
Merton_Miller,Myron_Scholes
Merton_Miller,Michael_C._Jensen
Andrei_Shleifer,Jesse_Shapiro
Andrei_Shleifer,Rafael_La_Porta
Anis_Ahmad,Interfaith_dialogue
Anthony_Downs,Duncan_Black
Lionel_Robbins,Charles_Goodhart
Lionel_Robbins,John_Hicks
Lloyd_Best,Kari_Polanyi_Levitt
Lloyd_Best,Norman_Girvan
Lloyd_Best,George_Beckford
Ludwig_Lachmann,Bruce_Caldwell
Ludwig_Lachmann,Don_Lavoie
Ludwig_Lachmann,Peter_Lewin
Luigi_Amoroso,Joan_Robinson
Léon_Walras,Joseph_Schumpeter
Léon_Walras,Vilfredo_Pareto
Léon_Walras,Maurice_Allais
Léon_Walras,Leonid_Hurwicz
Léon_Walras,Axel_Leijonhufvud
Léon_Walras,Alfred_Marshall
Léon_Walras,Oskar_R._Lange
Léon_Walras,Gustav_Cassel
Léon_Walras,Gérard_Debreu
Léon_Walras,Henry_Ludwell_Moore
Léon_Walras,Kenneth_Arrow
Léon_Walras,Knut_Wicksell
Silvio_Gesell,Bernard_Lietaer
Silvio_Gesell,Gottfried_Feder
Silvio_Gesell,John_Maynard_Keynes
Silvio_Gesell,C._H._Douglas
Stanley_Reiter,Thomas_Muench
Stephen_Resnick,Jack_Amariglio
Steven_Levitt,Roland_G._Fryer_Jr.
Steven_Levitt,Jesse_Shapiro
Zvi_Griliches,G._S._Maddala
Zvi_Griliches,Robert_Lucas_Jr.
Maurice_Dobb,David_Laibman
Maurice_Dobb,Amartya_Sen
Maurice_Dobb,Duncan_K._Foley
Maurice_Dobb,Harry_Gordon_Johnson
Maurice_Dobb,Yanis_Varoufakis
Maurice_Dobb,Eric_Hobsbawn
Avinash_Dixit,Paul_Krugman
Axel_Leijonhufvud,Roger_Farmer
Axel_Leijonhufvud,Yanis_Varoufakis
Bakul_Harshadrai_Dholakia,Harsha_Bhogle
Bakul_Harshadrai_Dholakia,Raghuram_Rajan
Bakul_Harshadrai_Dholakia,Nachiket_Mor
Bruce_L._Benson,Peter_Leeson
Bruce_L._Benson,Edward_Stringham
C._H._Douglas,Alfred_Richard_Orage
C._H._Douglas,Ezra_Pound
C._H._Douglas,John_Maynard_Keynes
Celso_Furtado,Maria_da_Conceição_Tavares
Celso_Furtado,Luiz_Gonzaga_de_Mello_Belluzzo
Tony_Atkinson,Emmanuel_Saez
Tony_Atkinson,Thomas_Piketty
Tord_Palander,Tõnu_Puu
Trygve_Haavelmo,Judea_Pearl
Trygve_Haavelmo,Søren_Johansen
Trygve_Haavelmo,David_F._Hendry
Wesley_Clair_Mitchell,Clark_Warburton
William_A._Barnett,Apostolos_Serletis
William_Baumol,Ha-Joon_Chang
William_Baumol,James_Tobin
William_Baumol,Jean_Tirole
William_Phillips,Robert_Solow
William_Phillips,Paul_Samuelson
William_Phillips,Edmund_Phelps
William_Vickrey,Harvey_J._Levin
Hazel_Kyrk,Margaret_G._Reid
Aaron_Director,Ronald_Coase
Aaron_Director,Richard_Posner
Aaron_Director,Antonin_Scalia
Aaron_Director,William_Rehnquist
Aaron_Director,Harold_Demsetz
Aaron_Director,Milton_Friedman
Adam_Müller,Othmar_Spann
Akihiko_Matsui,Fuhito_Kojima
Alan_Walters,Margaret_Thatcher
Albert_O._Hirschman,Stephen_D._Krasner
Alfred_Eichner,Frederic_Sterling_Lee
Alfred_H._Conrad,Robert_Fogel
Alfred_Marshall,Gary_Becker
Alfred_Marshall,Arthur_Cecil_Pigou
Alfred_Marshall,John_Maynard_Keynes
Alvin_Hansen,Robert_Solow
Alvin_Hansen,Paul_Samuelson
Alvin_Hansen,James_Tobin
Alvin_Hansen,John_Hicks
Amartya_Sen,Ben_Fine
Amartya_Sen,Prasanta_Pattanaik
Amartya_Sen,Robin_Hahnel
Amartya_Sen,Nancy_Folbre
Amartya_Sen,Mahbub_ul_Haq
Amartya_Sen,Tony_Atkinson
Amartya_Sen,Esther_Duflo
Amartya_Sen,Ha-Joon_Chang
Amartya_Sen,Jean_Drèze
Amartya_Sen,Kaushik_Basu
Amartya_Sen,Marc_Fleurbaey
Amartya_Sen,Martha_Nussbaum
Amartya_Sen,Philip_Pettit
Amartya_Sen,Kotaro_Suzumura
Dale_T._Mortensen,Christopher_A._Pissarides
Duncan_Black,Gordon_Tullock
E._Philip_Howrey,John_B._Taylor
Edmond_Malinvaud,Yves_Balasko
Edmond_Malinvaud,Jacques_Drèze
Edmund_Phelps,Mordecai_Kurz
Edmund_Phelps,Gylfi_Zoega
Edmund_Phelps,Roman_Frydman
Edmund_Phelps,Hian_Teck_Hoon
Edmund_Phelps,Eric_Bartelsman
Erik_Lindahl,Roy_Radner
Erik_Lindahl,Duncan_K._Foley
Erik_Lindahl,John_Hicks
Ernst_Fehr,Armin_Falk
Ester_Boserup,Amartya_Sen
Ester_Boserup,Irene_Tinker
Ester_Boserup,James_C._Scott
Eugen_von_Böhm-Bawerk,Joseph_Schumpeter
Eugen_von_Böhm-Bawerk,Ludwig_von_Mises
Eugen_von_Böhm-Bawerk,Henryk_Grossman
Eugen_von_Böhm-Bawerk,Knut_Wicksell
Evan_Durbin,Hugh_Gaitskell
Evan_Durbin,Anthony_Crosland
F._A._Harper,Christopher_Coyne
F._A._Harper,Murray_Rothbard
F._A._Harper,Antony_Fisher
F._A._Harper,Walter_Block
F._A._Harper,Charles_Koch
Fernando_Vianello,Annamaria_Simonazzi
Fernando_Vianello,Giovanni_Bonifati
Fernando_Vianello,Paolo_Trabucchi
Fernando_Vianello,Antonella_Palumbo
Nicholas_Johannsen,John_Maynard_Keynes
Nicholas_Kaldor,Anthony_Thirlwall
Nicholas_Kaldor,Daniele_Archibugi
Nicholas_Kaldor,Ha-Joon_Chang
Nicholas_Kaldor,Joan_Robinson
Nicholas_Kaldor,Manmohan_Singh
Nicola_Acocella,Giovanni_Di_Bartolomeo
Nikolai_Kondratiev,Joseph_Schumpeter
Nikolai_Kondratiev,Ernest_Mandel
Nikolai_Kondratiev,Christopher_Freeman
Nikolai_Kondratiev,François_Simiand
Nikolai_Kondratiev,Eric_Hobsbawm
Nikolai_Kondratiev,Immanuel_Wallerstein
Oskar_R._Lange,Robin_Hahnel
Oskar_R._Lange,Abba_P._Lerner
Oskar_R._Lange,Jan_Tinbergen
Oskar_R._Lange,Don_Patinkin
Pascal_Salin,Bertrand_Lemennicier
Guillermo_Calvo,Carmen_Reinhart
Gustav_von_Schmoller,Joseph_Schumpeter
Gustav_von_Schmoller,Max_Sering
Gustav_von_Schmoller,Edwin_Francis_Gay
Gustav_von_Schmoller,Thorstein_Veblen
Gustav_von_Schmoller,Werner_Sombart
Gustav_von_Schmoller,Otto_Neurath
Gustave_de_Molinari,Benjamin_Tucker
Gustave_de_Molinari,Paul_Émile_de_Puydt
Gustave_de_Molinari,Murray_Rothbard
Gérard_Debreu,Stephen_Smale
Gérard_Debreu,Jacques_Drèze
Hal_Varian,Carl_Shapiro
Hans-Hermann_Hoppe,Frank_Van_Dun
Hans-Hermann_Hoppe,Thomas_Woods
Hans-Hermann_Hoppe,Stephan_Kinsella
Hans-Hermann_Hoppe,Curtis_Yarvin
Hans-Hermann_Hoppe,Nick_Land
Hans-Hermann_Hoppe,Jörg_Guido_Hülsmann
Hans_Sennholz,Ron_Paul
Hans_Sennholz,Peter_Boettke
Hans_Sennholz,Joseph_Salerno
Hans_Sennholz,Lawrence_Reed
Harry_Gunnison_Brown,James_M._Buchanan
Harvey_J._Levin,Eli_Noam
Harvey_J._Levin,Thomas_Hazlett
Harvey_J._Levin,Molly_K._MaCauley
Heinrich_Pesch,Franz_Müller
Heinrich_Pesch,Oswald_von_Nell-Breuning
Heinrich_Pesch,Goetz_Briefs
Heinrich_Pesch,Gustav_Gundlach
Henry_Calvert_Simons,Hyman_Minsky
Henry_Calvert_Simons,George_Stigler
Henry_Calvert_Simons,Gordon_Tullock
Henry_Calvert_Simons,Milton_Friedman
Henry_Hazlitt,Ron_Paul
Henry_Hazlitt,Gene_Callahan
Henry_Hazlitt,Paul_Samuelson
Henry_Hazlitt,Peter_Schiff
Henry_Hazlitt,George_Reisman
Henry_Hazlitt,Murray_Rothbard
Henry_Hazlitt,Thomas_Sowell
Henry_Hazlitt,Lew_Rockwell
Henry_Hazlitt,Steve_Forbes
Henry_Hazlitt,Walter_E._Williams
Henry_Hazlitt,Hans-Hermann_Hoppe
Henry_Hazlitt,Mark_Spitznagel
Henry_Hazlitt,Milton_Friedman
Henry_Hazlitt,Rand_Paul
Henryk_Grossman,Paul_Mattick
Henryk_Grossman,Chris_Harman
Herbert_Giersch,Norbert_Walter
Hirofumi_Uzawa,David_Cass
Hirofumi_Uzawa,Joseph_Stiglitz
Hirofumi_Uzawa,Nobuhiro_Kiyotaki
Hirofumi_Uzawa,Hiroshi_Yoshikawa
Hirofumi_Uzawa,Katsuhito_Iwai
Hirofumi_Uzawa,George_Akerlof
Hirofumi_Uzawa,Hitoshi_Matsushima
Irving_Fisher,Scott_Sumner
Irving_Fisher,Ben_Bernanke
Irving_Fisher,Hyman_Minsky
Irving_Fisher,Maurice_Allais
Irving_Fisher,Franco_Modigliani
Irving_Fisher,Steve_Keen
Irving_Fisher,James_Tobin
Irving_Fisher,Milton_Friedman
Irving_Fisher,Robert_Shiller
Israel_Kirzner,Bruce_Caldwell
Israel_Kirzner,Jesús_Huerta_de_Soto
Jacob_Mincer,Gary_Becker
Jacques_Drèze,Roger_J-B_Wets
James_A._Field,Hazel_Kyrk
James_Duesenberry,Kenneth_Arrow
James_Heckman,Carolyn_Heinrich
James_Heckman,Werner_G._Krebs
James_Heckman,Stephen_Cameron
James_M._Poterba,Caroline_Hoxby
James_M._Poterba,David_Cutler
James_M._Poterba,Austan_Goolsbee
James_Meade,David_Vines
James_Meade,John_Rawls
James_Meade,Paul_Krugman
James_Meade,Richard_Stone
James_Meade,Jacques_Parizeau
James_Meade,Anthony_Barnes_Atkinson
James_Mirrlees,Joseph_Stiglitz
James_Mirrlees,Iván_Werning
Jean-Baptiste_Say,Frédéric_Bastiat
Jean-Baptiste_Say,Thomas_Hodgskin
Jean-Baptiste_Say,Auguste_Comte
Jean-Jacques_Laffont,Jean_Tirole
Jean_de_Sismondi,Benjamin_Constant
Jean_de_Sismondi,Charles_Dunoyer
Jean_de_Sismondi,Thomas_Robert_Malthus
Jean_de_Sismondi,Karl_Marx
Jeffrey_Sachs,Nouriel_Roubini
Arnold_Plant,Ronald_Coase
Arnold_Plant,Arthur_Lewis
Arnold_Plant,Arthur_Seldon
Arthur_Cecil_Pigou,Paul_Krugman
Arthur_Cecil_Pigou,Paul_Volcker
Arthur_Cecil_Pigou,Alan_Greenspan
Arthur_Cecil_Pigou,John_Maynard_Keynes
Arthur_Cecil_Pigou,N._Gregory_Mankiw
Arthur_Seldon,Keith_Joseph
Arthur_Seldon,Margaret_Thatcher
Joachim_Weimann,Axel_Ockenfels
Joan_Robinson,Robin_Hahnel
Joan_Robinson,Nicholas_Kaldor
Joan_Robinson,Alfred_S._Eichner
Joan_Robinson,Athanasios_Asimakopulos
Joan_Robinson,Yanis_Varoufakis
Johann_Heinrich_von_Thünen,Joseph_Schumpeter
John_Bates_Clark,Frank_Fetter
John_Bates_Clark,Frank_Knight
John_Bates_Clark,Friedrich_Hayek
John_Bates_Clark,Thorstein_Veblen
John_Burr_Williams,Harry_Markowitz
John_Luke_Gallup,David_Landes
John_Luke_Gallup,Jared_Diamond
John_Luke_Gallup,Jeffrey_Sachs
Justinian_Rweyemamu,Benno_Ndulu
Justinian_Rweyemamu,Jakaya_Kikwete
Justinian_Rweyemamu,Ibrahim_Lipumba
Justinian_Rweyemamu,Delphin_Rwegasira
Jörg_Huffschmid,Sven_Giegold
Jürgen_Wolters,Bernd_Lucke
Karen_R._Polenske,Ngozi_Okonjo-Iweala
Karl_Polanyi,Robin_Hahnel
Karl_Polanyi,Samuel_Bowles
Karl_Polanyi,David_Graeber
Karl_Polanyi,Joseph_Stiglitz
Karl_Polanyi,Peter_Drucker
Karl_Polanyi,Giovanni_Arrighi
Karl_Polanyi,Moses_Finley
Karl_Polanyi,Kari_Polanyi_Levitt
Karl_Polanyi,Dani_Rodrik
Karl_Polanyi,Daniel_Bell
Karl_Polanyi,Herbert_Gintis
Karl_Polanyi,Herman_Daly
Karl_Polanyi,Ira_Katznelson
Karl_Polanyi,James_C._Scott
Karl_Polanyi,Margaret_Somers
Karl_Polanyi,Arthur_Koestler
Karl_Polanyi,John_Gray
Karl_Polanyi,Jacob_Hacker
Karl_Polanyi,Ay?e_Bu?ra
Karl_Polanyi,Mark_Granovetter
Karl_Polanyi,Marshall_Sahlins
Karl_Polanyi,Fred_L._Block
Karl_Polanyi,Immanuel_Wallerstein
Karl_Polanyi,Tom_Malleson
Karl_William_Kapp,Ignacy_Sachs
Katarina_Juselius,Clive_Granger
Katarina_Juselius,Søren_Johansen
Katarina_Juselius,David_F._Hendry
Kenneth_Arrow,Anthony_Downs
Kenneth_Arrow,Allan_Gibbard
Kenneth_Arrow,Amartya_Sen
Kenneth_Arrow,Takashi_Negishi
Lauchlin_Currie,Franklin_Delano_Roosevelt
Takashi_Negishi,Frank_Hahn
Takashi_Negishi,Fumio_Hayashi
Takashi_Negishi,Michihiro_Kandori
Glenn_Loury,Roland_G._Fryer_Jr.
Don_Lavoie,David_Prychitko
Don_Lavoie,Peter_Boettke
Don_Lavoie,Steven_Horwitz
Don_Patinkin,Huw_Dixon
Marc_Lavoie,Wynne_Godley
Mark_Gertler,Jordi_Galí
Mark_Watson,Ricardo_Reis
Martin_Hellwig,Isabel_Schnabel
Philip_Wicksteed,Joseph_Schumpeter
Philip_Wicksteed,Murray_Rothbard
Philip_Wicksteed,Henry_Hazlitt
Piero_Sraffa,Robin_Hahnel
Piero_Sraffa,Ludwig_Wittgenstein
Piero_Sraffa,Steve_Keen
Piero_Sraffa,Nobuo_Okishio
Piero_Sraffa,John_Maynard_Keynes
Piero_Sraffa,Pierangelo_Garegnani
Piero_Sraffa,Micha?_Kalecki
Piero_Sraffa,Krishna_Bharadwaj
Pieter_Hennipman,Henri_Theil
Pieter_Hennipman,Jan_Pen
Pieter_Hennipman,Arnold_Heertje
Knut_Wicksell,Friedrich_Hayek
Knut_Wicksell,Gunnar_Myrdal
Knut_Wicksell,James_M._Buchanan
Knut_Wicksell,John_Maynard_Keynes
Knut_Wicksell,Milton_Friedman
Kozo_Uno,Makoto_Itoh
Kozo_Uno,Thomas_T._Sekine
Michael_J._Piore,Gilles_Saint-Paul
Michael_James_Farrell,Tony_Lancaster
Michael_James_Farrell,Joseph_E._Stiglitz
Micha?_Kalecki,Robin_Hahnel
Micha?_Kalecki,Richard_M._Goodwin
Micha?_Kalecki,Bill_Mitchell
Micha?_Kalecki,Hyman_Minsky
Micha?_Kalecki,Josef_Steindl
Micha?_Kalecki,Paul_A._Baran
Micha?_Kalecki,Paul_Sweezy
Micha?_Kalecki,Richard_Kahn
Micha?_Kalecki,Luigi_Pasinetti
Micha?_Kalecki,Jonathan_Nitzan
Micha?_Kalecki,Alfred_Eichner
Micha?_Kalecki,Nicholas_Kaldor
Micha?_Kalecki,Jan_Kregel
Micha?_Kalecki,Athanasios_Asimakopulos
Micha?_Kalecki,Joan_Robinson
Micha?_Kalecki,John_Eatwell
Micha?_Kalecki,John_Kenneth_Galbraith
Micha?_Kalecki,John_Maynard_Keynes
Micha?_Kalecki,Kazimierz_?aski
Micha?_Kalecki,Lance_Taylor
Micha?_Kalecki,Lawrence_Klein
Micha?_Kalecki,Marc_Lavoie
Micha?_Kalecki,Piero_Sraffa
Micha?_Kalecki,Yanis_Varoufakis
Micha?_Kalecki,Shimshon_Bichler
Micha?_Kalecki,Tadeusz_Kowalik
Milton_Friedman,Ronald_Reagan
Milton_Friedman,Scott_Sumner
Milton_Friedman,Ben_Bernanke
Milton_Friedman,David_D._Friedman
Milton_Friedman,Gary_Becker
Milton_Friedman,Thomas_Sowell
Milton_Friedman,Anna_Schwartz
Milton_Friedman,Augusto_Pinochet
Milton_Friedman,William_F._Buckley_Jr.
Milton_Friedman,Warren_Nutter
Milton_Friedman,Alan_Greenspan
Milton_Friedman,Herbert_Stein
Milton_Friedman,Hernando_de_Soto_Polar
Milton_Friedman,J._Bradford_DeLong
Milton_Friedman,Margaret_Thatcher
Milton_Friedman,Mart_Laar
Nassau_William_Senior,John_Stuart_Mill
Oliver_E._Williamson,Paul_Joskow
Ragnar_Nurkse,Paul_Rosenstein-Rodan
Ralph_Harris,Margaret_Thatcher
Sherwin_Rosen,David_O._Meltzer
Sherwin_Rosen,Xavier_Gabaix
Wolfgang_Stützel,Peter_Bofinger
Wolfgang_Stützel,Heiner_Flassbeck
Wynne_Godley,Bill_Mitchell
Wynne_Godley,Steve_Keen
Wynne_Godley,Marc_Lavoie
Wynne_Godley,Martin_Wolf
Wynne_Godley,Randall_Wray
Eugene Fama,Campbell_Harvey
Merton_Miller,Campbell_Harvey
Franz_Brentano,Carl_Menger
Adam_Smith,Carl_Menger
Aristotle,Carl_Menger
Immanuel_Kant,Carl_Menger
Herbert_Spencer,Carl_Menger
Étienne_Bonnot_de_Condillac,Carl_Menger
Guillermo_Calvo,Carlos_A._Vegh
Franco_Modigliani,Carmine_Gorga
Joseph_Kaipayil,Carmine_Gorga
John_Maynard_Keynes,Carmine_Gorga
Richard_Ebeling,Robert_P._Murphy
Murray_Rothbard,Robert_P._Murphy
Ludwig_von_Mises,Robert_P._Murphy
Eugen_von_Böhm-Bawerk,Robert_P._Murphy
Hans-Hermann_Hoppe,Robert_P._Murphy
Israel_Kirzner,Robert_P._Murphy
Joseph_Salerno,Robert_P._Murphy
Karl_Marx,Robert_Rowthorn
Paul_Samuelson,Robert_Solow
David_Hume,Robert_Sugden
John_Rawls,Robert_Sugden
John_Stuart_Mill,Robert_Sugden
Friedrich_Hayek,Robert_Sugden
Adam_Smith,Robert_Sugden
John_Harsanyi,Robert_Sugden
Cornelius_Castoriadis,Robin_Hahnel
John_Maynard_Keynes,Robin_Hahnel
Karl_Marx,Robin_Hahnel
Celso_Furtado,Rogelio_Julio_Frigerio
Hans_Singer,Rogelio_Julio_Frigerio
Karl_Marx,Rogelio_Julio_Frigerio
Raúl_Prebisch,Rogelio_Julio_Frigerio
Ludwig_von_Mises,Roger_Garrison
Benny_Moldovanu,Roman_Inderst
John_Maynard_Keynes,Roy_Harrod
John_A._Hobson,Roy_Harrod
Karl_Marx,Samuel_Bowles
John_Kenneth_Galbraith,Samuel_L._Myers_Sr.
Kenneth_Wolpin,Michael_Keane
James_Heckman,Michael_Keane
John_Geweke,Michael_Keane
Ludwig_von_Mises,Benjamin_Anderson
Robert_M._Townsend,Benjamin_Moll
Abhijit_Banerjee,Benjamin_Moll
"Robert_Lucas,_Jr.",Benjamin_Moll
John_Muth,Bennett_McCallum
"Robert_Lucas,_Jr.",Bennett_McCallum
Mars_Cramer,Bernard_van_Praag
Ludwig_von_Mises,Bert_F._Hoselitz
Jacob_Viner,Bert_F._Hoselitz
Talcott_Parsons,Bert_F._Hoselitz
Karl_Marx,Bill_Mitchell
Werner_Fenchel,Birgit_Grodal
Milton_Friedman,David_Chandler_Thomas
Friedrich_Hayek,David_Chandler_Thomas
Ronald_Coase,David_D._Friedman
Rose_Friedman,David_D._Friedman
Robert_A._Heinlein,David_D._Friedman
Murray_Rothbard,David_D._Friedman
Adam_Smith,David_D._Friedman
Alfred_Marshall,David_D._Friedman
Ludwig_von_Mises,David_Prychitko
Friedrich_Hayek,David_Prychitko
Armen_Alchian,David_Prychitko
Ayn_Rand,David_R._Henderson
Adam_Smith,David_R._Henderson
Armen_Alchian,David_R._Henderson
John_Maynard_Keynes,David_R._Henderson
Karl_Marx,David_R._Henderson
Milton_Friedman,David_R._Henderson
Robert_Solow,David_Romer
John_Maynard_Keynes,David_Romer
Kenneth_Arrow,David_Romer
John_Maynard_Keynes,David_Vines
Franz_Palm,David_de_la_Croix
Philippe_Michel,David_de_la_Croix
Jacques_Drèze,David_de_la_Croix
Costas_Azariadis,David_de_la_Croix
Joel_Mokyr,David_de_la_Croix
Oded_Galor,David_de_la_Croix
Kenneth_Arrow,Dean_Jamison
Knut_Wicksell,Dennis_Robertson
Wassily_Leontief,Hyman_Minsky
John_Maynard_Keynes,Hyman_Minsky
Karl_Marx,Hyman_Minsky
Abba_P._Lerner,Hyman_Minsky
John_Lintner,John_R._Meyer
Alexander_Gerschenkron,John_R._Meyer
David_Ricardo,John_Ramsay_McCulloch
Adam_Smith,John_Ramsay_McCulloch
Ayn_Rand,John_Ridpath
William_Baumol,John_Williamson
Oskar_Morgenstern,John_Williamson
James_Tobin,John_Williamson
Paul_Milgrom,Jonathan_Levin
Jonathan_Gruber,Jonathan_Zinman
John_Maynard_Keynes,Josef_Steindl
Frédéric_Bastiat,Joseph_Schumpeter
Murray_Rothbard,Joseph_T._Salerno
William_A._Brock,José_Scheinkman
Lionel_McKenzie,José_Scheinkman
Daniel_Cohen,Julia_Cagé
Nathan_Nunn,Julia_Cagé
David_Hume,Julian_Simon
Voltaire,Julian_Simon
Edward_Gibbon,Julian_Simon
Friedrich_Hayek,Julian_Simon
William_James,Julian_Simon
Adam_Smith,Julian_Simon
Jean-Jacques_Rousseau,Julian_Simon
John_Kenneth_Galbraith,Paul_A._Baran
Karl_Marx,Paul_A._Baran
John_Maynard_Keynes,Paul_Davidson
Sidney_Weintraub,Paul_Davidson
Ronald_Coase,Paul_Joskow
John_Maynard_Keynes,Paul_McCulley
William_H._Gross,Paul_McCulley
George_E._P._Box,Paul_Newbold
John_Maynard_Keynes,Paul_Samuelson
Rosa_Luxemburg,Paul_Sweezy
Vladimir_Lenin,Paul_Sweezy
Karl_Marx,Paul_Sweezy
Ladislaus_Bortkiewicz,Paul_Sweezy
Pierre_Guillaume_Frédéric_le_Play,Paul_de_Rousiers
Ronald_Coase,Peter_Boettke
Richard_Cornuelle,Peter_Boettke
Vernon_L._Smith,Peter_Boettke
Elinor_Ostrom,Peter_Boettke
Friedrich_Hayek,Peter_Boettke
Frédéric_Bastiat,Peter_Boettke
Murray_Rothbard,Peter_Boettke
Ludwig_von_Mises,Peter_Boettke
Israel_Kirzner,Peter_Boettke
James_M._Buchanan,Peter_Boettke
Jean-Baptiste_Say,Peter_Boettke
Kenneth_E._Boulding,Peter_Boettke
John_Maynard_Keynes,Peter_Bofinger
Karl_Schiller,Peter_Bofinger
Gary_Becker,Peter_Leeson
George_Stigler,Peter_Leeson
Gordon_Tullock,Peter_Leeson
Ludwig_von_Mises,Peter_Leeson
Halbert_White,Peter_Reinhard_Hansen
James_D._Hamilton,Peter_Reinhard_Hansen
Soren_Johansen,Peter_Reinhard_Hansen
Robert_Engle,Peter_Reinhard_Hansen
N._Gregory_Mankiw,Ricardo_Reis
Rosa_Luxemburg,Richard_D._Wolff
Vladimir_Lenin,Richard_D._Wolff
Friedrich_Engels,Richard_D._Wolff
Antonio_Gramsci,Richard_D._Wolff
Louis_Althusser,Richard_D._Wolff
Étienne_Balibar,Richard_D._Wolff
Eduard_Bernstein,Richard_D._Wolff
Karl_Marx,Richard_D._Wolff
George_Lukács,Richard_D._Wolff
Gerald_Shove,Richard_Kahn
John_Maynard_Keynes,Richard_Kahn
Friedrich_von_Wieser,Richard_Ritter_von_Strigl
Ludwig_von_Mises,Richard_Ritter_von_Strigl
Joseph_Schumpeter,Richard_Ritter_von_Strigl
Eugen_von_Böhm-Bawerk,Richard_Ritter_von_Strigl
Léon_Walras,Richard_Ritter_von_Strigl
Colin_Clark,Richard_Stone
Earl_J._Hamilton,Richard_Timberlake
Milton_Friedman,Richard_Timberlake
Pier_Vellinga,Richard_Tol
Karl_Marx,Rick_Kuhn
Gerhard_Tintner,Robert_Basmann
John_Maynard_Keynes,Robert_Eisner
David_Hendry,Robert_F._Engle
Ronald_Coase,Robert_Higgs
Joseph_Schumpeter,Robert_Higgs
Murray_Rothbard,Robert_Higgs
Ludwig_von_Mises,Robert_Higgs
Simon_Kuznets,Robert_Higgs
Friedrich_Hayek,Robert_Higgs
Douglass_North,Robert_Higgs
George_Akerlof,Robert_J._Shiller
Irving_Fisher,Robert_J._Shiller
John_Maynard_Keynes,Robert_J._Shiller
Thorstein_Veblen,Ugo_Pagano
Léon_Walras,Ugo_Pagano
Charles_Darwin,Ugo_Pagano
Karl_Marx,Ugo_Pagano
John_Maynard_Keynes,Vera_Anstey
Aron_Katsenelinboigen,Victor_Polterovich
Hyman_Minsky,Victoria_Chick
John_Maynard_Keynes,Victoria_Chick
G._Mosca,Vilfredo_Pareto
Machiavelli,Vilfredo_Pareto
Adam_Smith,Vilfredo_Pareto
Gustave_de_Molinari,Vilfredo_Pareto
David_Hume,Vilfredo_Pareto
Herbert_Spencer,Vilfredo_Pareto
Maffeo_Pantaleoni,Vilfredo_Pareto
J._de_Maistre,Vilfredo_Pareto
Edmund_Burke,Vilfredo_Pareto
G._Sorel,Vilfredo_Pareto
Auguste_Comte,Vilfredo_Pareto
John_Rawls,Inge_Kaul
Richard_Musgrave,Inge_Kaul
Mahbub_ul_Haq,Inge_Kaul
Willy_Brandt,Inge_Kaul
Amartya_Sen,Inge_Kaul
James_Tobin,Inge_Kaul
John_Maynard_Keynes,Inge_Kaul
Amartya_Sen,Ingrid_Robeyns
Martha_Nussbaum,Ingrid_Robeyns
John_Maynard_Keynes,Costas_Lapavitsas
Karl_Marx,Costas_Lapavitsas
Leonid_Hurwicz,Masahiko_Aoki
Henry_George,Mason_Gaffney
Paul_Romer,Maurice_Kugler
Ricardo_Hausmann,Maurice_Kugler
Dani_Rodrik,Maurice_Kugler
John_Haltiwanger,Maurice_Kugler
Michael_Kremer,Maurice_Kugler
Geoff_Harcourt,Mauro_Baranzini
Luigi_Lodovico_Pasinetti,Mauro_Baranzini
David_Ricardo,Max_Hirsch
John_Stuart_Mill,Max_Hirsch
Eugen_von_Böhm-Bawerk,Max_Hirsch
Henry_George,Max_Hirsch
Friedrich_Hayek,Russ_Roberts
Gary_Becker,Russ_Roberts
Ayn_Rand,Russ_Roberts
Adam_Smith,Russ_Roberts
Milton_Friedman,Russ_Roberts
Richard_Musgrave,Ryuzo_Sato
Amartya_Sen,Sabina_Alkire
Martha_Nussbaum,Sabina_Alkire
Bertrand_Russell,Said_Gafurov
Alexander_Buzgalin,Said_Gafurov
Karl_Marx,Said_Gafurov
John_Maynard_Keynes,Said_Gafurov
William_Nordhaus,Gary_Yohe
John_Maynard_Keynes,Osamu_Shimomura
Dale_Mortensen,Christopher_A._Pissarides
Tyler_Cowen,Christopher_Coyne
Karl_Marx,Christopher_Freeman
John_Desmond_Bernal,Christopher_Freeman
John_Dewey,Clarence_Edwin_Ayres
Alok_Bhargava,Clive_Granger
Norbert_Wiener,Clive_Granger
David_Hendry,Clive_Granger
John_Denis_Sargan,Clive_Granger
Andreu_Mas-Colell,Alexandre_Mas
Richard_Cobden,Edward_Atkinson
Frédéric_Bastiat,Edward_Atkinson
Adam_Smith,Edward_Atkinson
John_Bright,Edward_Atkinson
Gottfried_Haberler,Edward_C._Harwood
William_Harold_Hutt,Edward_C._Harwood
William_James,Edward_C._Harwood
Henry_George,Edward_C._Harwood
Henry_Hazlitt,Edward_C._Harwood
Charles_Sanders_Peirce,Edward_C._Harwood
John_Dewey,Edward_C._Harwood
Arthur_F._Bentley,Edward_C._Harwood
Ralph_George_Hawtrey,Edward_C._Harwood
Gary_Becker,Edward_Glaeser
Jane_Jacobs,Edward_Glaeser
"Robert_Lucas,_Jr.",Edward_Glaeser
Friedrich_Hayek,Edward_Stringham
Murray_Rothbard,Edward_Stringham
Ludwig_von_Mises,Edward_Stringham
Walter_Block,Edward_Stringham
John_Lintner,Edwin_Kuh
Guy_Orcutt,Edwin_Kuh
James_Duesenberry,Edwin_Kuh
Jeremiah_Jenks,Edwin_W._Kemmerer
Menahem_Yaari,Elhanan_Helpman
Eitan_Berglas,Elhanan_Helpman
Frederick_Winslow_Taylor,Elizabeth_Baker
Anthony_Barnes_Atkinson,Emmanuel_Saez
Joan_Robinson,Eprime_Eshag
Micha?_Kalecki,Eprime_Eshag
John_Maynard_Keynes,Eprime_Eshag
Jacob_Marschak,Franco_Modigliani
John_Maynard_Keynes,Franco_Modigliani
Carl_Menger,Frank_Fetter
Max_Weber,Frank_Knight
Herbert_J._Davenport,Frank_Knight
Hans-Werner_Sinn,Franz_Gehrels
Friedrich_Wilhelm_Raiffeisen,Franz_Hermann_Schulze-Delitzsch
Ferdinand_Lassalle,Franz_Hermann_Schulze-Delitzsch
David_Ricardo,Franz_Oppenheimer
Ludwig_Gumplowicz,Franz_Oppenheimer
Henry_George,Franz_Oppenheimer
Jacques_Drèze,Franz_Palm
Arnold_Zellner,Franz_Palm
Émile_Durkheim,François_Simiand
Henri_Bergson,François_Simiand
Karl_Marx,Frederic_Sterling_Lee
Gardiner_C._Means,Frederic_Sterling_Lee
John_Maynard_Keynes,Frederic_Sterling_Lee
Eugen_von_Böhm-Bawerk,Friedrich_Hayek
Dean_Tucker,Friedrich_Hayek
Voltaire,Friedrich_Hayek
John_Stuart_Mill,Friedrich_Hayek
C._Schmitt,Friedrich_Hayek
Edward_Gibbon,Friedrich_Hayek
Tocqueville,Friedrich_Hayek
Adam_Ferguson,Friedrich_Hayek
Adam_Smith,Friedrich_Hayek
Algernon_Sidney,Friedrich_Hayek
Jean-Jacques_Rousseau,Friedrich_Hayek
John_Maynard_Keynes,Friedrich_Hayek
Karl_Marx,Friedrich_Hayek
David_Hume,Friedrich_Hayek
H._Belloc,Friedrich_Hayek
Ludwig_Wittgenstein,Friedrich_Hayek
Bernard_Mandeville,Friedrich_Hayek
John_Locke,Friedrich_Hayek
Edmund_Burke,Friedrich_Hayek
E._Mach,Friedrich_Hayek
O._Spann,Friedrich_Hayek
Lord_Acton,Friedrich_Hayek
W._Eucken,Friedrich_Hayek
Karl_Popper,Friedrich_Hayek
Jean-Antoine_Chaptal,Friedrich_List
Eugen_von_Böhm-Bawerk,Friedrich_von_Wieser
Friedrich_Hayek,Fritz_Machlup
Friedrich_von_Wieser,Fritz_Machlup
Ludwig_von_Mises,Fritz_Machlup
Baruch_Spinoza,Frédéric_Lordon
Christopher_A._Sims,Fumio_Hayashi
Edward_C._Prescott,Fumio_Hayashi
Martin_Feldstein,Fumio_Hayashi
Theodore_Schultz,Gary_Becker
James_Tobin,Gary_Smith
Ferdinand_Lassalle,Georg_Friedrich_Knapp
John_Maynard_Keynes,George_Akerlof
Adam_Smith,George_Grantham
John_Maynard_Keynes,George_Grantham
Richard_Thaler,George_Loewenstein
Carl_Menger,George_Reisman
David_Ricardo,George_Reisman
John_Stuart_Mill,George_Reisman
Frédéric_Bastiat,George_Reisman
Ludwig_von_Mises,George_Reisman
Ayn_Rand,George_Reisman
Adam_Smith,George_Reisman
Eugen_von_Böhm-Bawerk,George_Reisman
James_Mill,George_Reisman
D._Gale_Johnson,George_S._Tolley
Theodore_Schultz,George_S._Tolley
David_Laidler,George_Selgin
Lawrence_H._White,George_Selgin
Leland_Yeager,George_Selgin
Knut_Wicksell,George_Selgin
Milton_Friedman,George_Selgin
Jacob_Viner,George_Stigler
Milton_Friedman,George_Stigler
Thomas_Kuhn,Giovanni_Dosi
Keith_Pavitt,Giovanni_Dosi
Herbert_A._Simon,Giovanni_Dosi
Richard_R._Nelson,Giovanni_Dosi
Sidney_Winter,Giovanni_Dosi
Mario_Arcelli,Giuseppe_Chirichiello
Ludwig_von_Mises,Gordon_Tullock
Rudolf_Jung,Gottfried_Feder
Ludwig_Feuerbach,Gottfried_Feder
Wilhelm_Marr,Gottfried_Feder
Friedrich_von_Wieser,Gottfried_Haberler
Thorstein_Veblen,Morris_Copeland
John_Maurice_Clark,Morris_Copeland
Wesley_Clair_Mitchell,Morris_Copeland
Walter_W._Stewart,Morris_Copeland
Sam_Francis_(writer),Murray_Rothbard
Eugen_von_Böhm-Bawerk,Murray_Rothbard
Frédéric_Bastiat,Murray_Rothbard
Benjamin_Tucker,Murray_Rothbard
Richard_Cantillon,Murray_Rothbard
Frank_Chodorov,Murray_Rothbard
Garet_Garrett,Murray_Rothbard
Aquinas,Murray_Rothbard
Lysander_Spooner,Murray_Rothbard
Étienne_Bonnot_de_Condillac,Murray_Rothbard
Grotius,Murray_Rothbard
H._L._Mencken,Murray_Rothbard
Isabel_Paterson,Murray_Rothbard
Aristotle,Murray_Rothbard
Herbert_Spencer,Murray_Rothbard
John_Locke,Murray_Rothbard
Gaetanus,Murray_Rothbard
Anne_Turgot,Murray_Rothbard
A._J._Nock,Murray_Rothbard
De_Vitoria,Murray_Rothbard
John_Maynard_Keynes,Myron_J._Gordon
George_Stigler,Myron_Scholes
Milton_Friedman,Myron_Scholes
John_T._Flynn,Thomas_DiLorenzo
Henry_Hazlitt,Thomas_DiLorenzo
Carl_Menger,Thomas_Hazlett
Friedrich_Hayek,Thomas_Hazlett
Adam_Smith,Thomas_Hodgskin
John_Locke,Thomas_Hodgskin
Christopher_A._Sims,Thomas_J._Sargent
Neil_Wallace,Thomas_J._Sargent
"Robert_Lucas,_Jr.",Thomas_J._Sargent
John_F._Muth,Thomas_J._Sargent
John_Maynard_Keynes,Thomas_Mayer
Simon_Kuznets,Thomas_Piketty
Adam_Smith,Thomas_Piketty
John_Maynard_Keynes,Thomas_Piketty
Anthony_Atkinson,Thomas_Piketty
David_Hume,Thomas_Robert_Malthus
David_Ricardo,Thomas_Robert_Malthus
Voltaire,Thomas_Robert_Malthus
Edward_Gibbon,Thomas_Robert_Malthus
William_Godwin,Thomas_Robert_Malthus
Adam_Smith,Thomas_Robert_Malthus
Jean-Jaques_Rousseau,Thomas_Robert_Malthus
Carl_von_Clausewitz,Thomas_Schelling
Niccolò_Machiavelli,Thomas_Schelling
Edward_Bellamy,Thorstein_Veblen
Georges_Vacher_de_Lapouge,Thorstein_Veblen
Thomas_Paine,Thorstein_Veblen
Lester_Frank_Ward,Thorstein_Veblen
William_Graham_Sumner,Thorstein_Veblen
William_James,Thorstein_Veblen
Henri_de_Saint-Simon,Thorstein_Veblen
Herbert_Spencer,Thorstein_Veblen
Charles_Fourier,Thorstein_Veblen
John_Dewey,Thorstein_Veblen
Samuel_Bowles,David_Gordon
Karl_Marx,David_Gordon
Benjamin_M._Friedman,David_Laibson
Matthew_Rabin,David_Laibson
Henry_Dunning_Macleod,John_R._Commons
Max_Weber,Ludwig_von_Mises
Edmund_Husserl,Ludwig_von_Mises
Jean-Baptiste_Say,Ludwig_von_Mises
Immanuel_Kant,Ludwig_von_Mises
Walter_Eucken,Andreas_Freytag
Eugen_von_Böhm-Bawerk,Andreas_Freytag
Jan_Tinbergen,Andreas_Freytag
Lawrence_Summers,Andrei_Shleifer
Milton_Friedman,Andrei_Shleifer
Eric_Maskin,Andrew_Metrick
James_Tobin,Andrew_Metrick
Interdisciplinarity,Anis_Ahmad
Integration_of_Ethical_Values_in_Education,Anis_Ahmad
Joseph_Schumpeter,Anthony_Downs
Karl_Marx,Anu_Muhammad
Lenin,Anu_Muhammad
Murray_Rothbard,Leland_B._Yeager
Ludwig_von_Mises,Leland_B._Yeager
Frédéric_Bastiat,Leonard_Read
Murray_Rothbard,Leonard_Read
Ludwig_von_Mises,Leonard_Read
Ayn_Rand,Leonard_Read
Albert_Jay_Nock,Leonard_Read
Henry_Hazlitt,Leonard_Read
Milton_Friedman,Leonard_Read
Friedrich_Hayek,Leonard_Read
Friedrich_Hayek,Leonid_Hurwicz
Tjalling_Koopmans,Leonid_Hurwicz
Jacob_Marschak,Leonid_Hurwicz
Ludwig_von_Mises,Lionel_Robbins
William_Stanley_Jevons,Lionel_Robbins
Philip_Wicksteed,Lionel_Robbins
Nathan_Isaacs,Lionel_Robbins
W._Arthur_Lewis,Lloyd_Best
Robert_von_Mohl,Lorenz_von_Stein
Benjamin_Constant,Lorenz_von_Stein
Henri_de_Saint-Simon,Lorenz_von_Stein
Charles_Fourier,Lorenz_von_Stein
Marquis_de_Condorcet,Lorenz_von_Stein
Jean_de_Sismondi,Lorenz_von_Stein
G._W._F._Hegel,Lorenz_von_Stein
Pharmacoeconomics,Louis_Preston_Garrison
Max_Weber,Ludwig_Lachmann
Friedrich_Hayek,Ludwig_Lachmann
G._L._S._Shackle,Ludwig_Lachmann
Ludwig_von_Mises,Ludwig_Lachmann
Alfred_Schütz,Ludwig_Lachmann
Richard_Kahn,Luigi_Pasinetti
Piero_Sraffa,Luigi_Pasinetti
Max_Weber,Luiz_Carlos_Bresser-Pereira
Celso_Furtado,Luiz_Carlos_Bresser-Pereira
Nicholas_Kaldor,Luiz_Carlos_Bresser-Pereira
John_Kenneth_Galbraith,Luiz_Carlos_Bresser-Pereira
John_Maynard_Keynes,Luiz_Carlos_Bresser-Pereira
Karl_Marx,Luiz_Carlos_Bresser-Pereira
Adam_Smith,Léon_Walras
Étienne_Vacherot,Léon_Walras
Jean_Baptiste_Say,Léon_Walras
Augustin_Cournot,Léon_Walras
Amartya_Sen,M._A._Oommen
Karl_Marx,M._A._Oommen
Karl_Marx,Makoto_Itoh
Henry_George,Silvio_Gesell
Pierre_Joseph_Proudhon,Silvio_Gesell
Robert_Lucas_Jr.,Stan_Zin
David_K._Backus,Stan_Zin
Edward_C._Prescott,Stan_Zin
Thomas_J._Sargent,Stan_Zin
Larry_G._Epstein,Stan_Zin
Lars_Peter_Hansen,Stan_Zin
Kenneth_Arrow,Stanley_Reiter
Joseph_Stiglitz,Stephany_Griffith-Jones
James_Tobin,Stephany_Griffith-Jones
Charles_P._Kindleberger,Stephany_Griffith-Jones
John_Kenneth_Galbraith,Stephany_Griffith-Jones
John_Maynard_Keynes,Stephany_Griffith-Jones
Karl_Marx,Stephen_Hymer
Friedrich_Hayek,Stephen_Marglin
John_Maynard_Keynes,Stephen_Marglin
Karl_Marx,Stephen_Marglin
Louis_Althusser,Stephen_Resnick
Étienne_Balibar,Stephen_Resnick
Karl_Marx,Stephen_Resnick
Robert_Mundell,Steve_Hanke
Ronald_Coase,Steve_Hanke
Friedrich_Hayek,Steve_Hanke
Milton_Friedman,Steve_Hanke
Peter_Thomas_Bauer,Steve_Hanke
Kenneth_Boulding,Steve_Hanke
Richard_M._Goodwin,Steve_Keen
Joseph_Schumpeter,Steve_Keen
François_Quesnay,Steve_Keen
Thorstein_Veblen,Steve_Keen
Augusto_Graziani,Steve_Keen
Nicholas_Georgescu-Roegen,Steve_Keen
John_Maynard_Keynes,Steve_Keen
Karl_Marx,Steve_Keen
Ronald_Coase,Steven_Landsburg
Gary_Becker,Steven_Levitt
Kevin_M._Murphy,Steven_Levitt
Josh_Angrist,Steven_Levitt
Ronald_Coase,Steven_N._S._Cheung
Aaron_Director,Steven_N._S._Cheung
Adam_Smith,Steven_N._S._Cheung
Armen_Alchian,Steven_N._S._Cheung
Jack_Hirshleifer,Steven_N._S._Cheung
Milton_Friedman,Steven_N._S._Cheung
John_Kenneth_Galbraith,Steven_Pressman
John_Maynard_Keynes,Steven_Pressman
Gustave_de_Molinari,Yves_Guyot
Arnold_Harberger,Zvi_Griliches
Joseph_Schumpeter,Éric_Pichet
Paul_Feyerabend,Éric_Pichet
Maurice_Allais,Éric_Pichet
Sigmund_Freud,Éric_Pichet
Adam_Smith,Éric_Pichet
Pierre_Bourdieu,Éric_Pichet
Raymond_Barre,Éric_Pichet
Raymond_Boudon,Éric_Pichet
Wassily_Leontief,Faye_Duchin
Pierangelo_Garegnani,Franklin_Serrano
Piero_Sraffa,Franklin_Serrano
Hyman_Minsky,Pavlina_R._Tcherneva
John_Maynard_Keynes,Pavlina_R._Tcherneva
Abba_P._Lerner,Pavlina_R._Tcherneva
Barry_Eichengreen,Ugo_Panizza
Ricardo_Hausmann,Ugo_Panizza
Ronald_W._Jones,Makoto_Yano
Lionel_W._McKenzie,Makoto_Yano
Takashi_Negishi,Makoto_Yano
John_Maynard_Keynes,Mark_Gerard_Hayes
Karl_Marx,Maurice_Dobb
Angus_Deaton,Max_Roser
Tony_Atkinson,Max_Roser
Amartya_Sen,Max_Roser
Hans_Rosling,Max_Roser
William_Easterly,Michael_Clemens
Lant_Pritchett,Michael_Clemens
Michael_Kremer,Michael_Clemens
John_Maynard_Keynes,Axel_Leijonhufvud
Reinhard_Selten,Axel_Ockenfels
Alvin_E._Roth,Axel_Ockenfels
Mahatma_Gandhi,Bakul_Harshadrai_Dholakia
Swami_Vivekananda,Bakul_Harshadrai_Dholakia
Gunnar_Myrdal,Barbara_Bergmann
David_D._Friedman,Bruce_L._Benson
Murray_Rothbard,Bruce_L._Benson
James_M._Buchanan,Bruce_L._Benson
Avner_Greif,Bruce_L._Benson
Ben_Bernanke,Bryan_Caplan
Ludwig_von_Mises,Bryan_Caplan
James_M._Buchanan,Bryan_Caplan
Michael_Huemer,Bryan_Caplan
Philip_Tetlock,Bryan_Caplan
Friedrich_Hayek,Burton_C._Gray
Michael_Oakeshott,Burton_C._Gray
David_Hume,C._H._Douglas
Adam_Smith,C._H._Douglas
Edmund_Burke,C._H._Douglas
Michel_De_Montaigne,C._H._Douglas
John_Henry_Newman,C._H._Douglas
John_Maynard_Keynes,C._H._Douglas
Karl_Marx,C._H._Douglas
Joseph_De_Maistre,C._H._Douglas
John_Maynard_Keynes,Celso_Furtado
Raúl_Prebisch,Celso_Furtado
Amartya_Sen,Tim_Besley
James_M._Buchanan,Tim_Besley
James_Mirrlees,Tim_Besley
Ronald_Reagan,Tim_Kane
Glenn_Hubbard,Tim_Kane
Jim_Mattis,Tim_Kane
Milton_Friedman,Tim_Kane
James_Meade,Tony_Atkinson
Jan_Tinbergen,Trygve_Haavelmo
John_Maynard_Keynes,Trygve_Haavelmo
Ragnar_Frisch,Trygve_Haavelmo
Carl_Menger,Tyler_Cowen
Plato,Tyler_Cowen
Ron_Paul,Walter_Block
Friedrich_Hayek,Walter_Block
Murray_Rothbard,Walter_Block
Lew_Rockwell,Walter_Block
Ayn_Rand,Walter_Block
Hans-Hermann_Hoppe,Walter_Block
H.L._Mencken,Walter_Block
Milton_Friedman,Walter_Block
Edmund_Husserl,Walter_Eucken
Benjamin_Graham,Werner_De_Bondt
David_Dreman,Werner_De_Bondt
Richard_Thaler,Werner_De_Bondt
Paul_Slovic,Werner_De_Bondt
Amos_Tversky,Werner_De_Bondt
Daniel_Kahneman,Werner_De_Bondt
Jacques_Ellul,Werner_De_Bondt
John_Dewey,Wesley_Clair_Mitchell
Thucydides,Wilhelm_Georg_Friedrich_Roscher
Adam_Müller,Wilhelm_Georg_Friedrich_Roscher
F._C._Dahlmann,Wilhelm_Georg_Friedrich_Roscher
Eugen_von_Böhm-Bawerk,Wilhelm_Röpke
Thomas_J._Sargent,William_A._Barnett
Simon_Kuznets,William_A._Barnett
Henri_Theil,William_A._Barnett
Milton_Friedman,William_A._Barnett
"Robert_Lucas,_Jr.",William_A._Barnett
John_Maynard_Keynes,William_Baumol
Arthur_Cecil_Pigou,William_Baumol
Friedrich_Hayek,William_Easterly
Milton_Friedman,William_Easterly
Edwin_Cannan,William_Harold_Hutt
Irving_Fisher,William_Phillips
John_Maynard_Keynes,William_Phillips
Harold_Hotelling,William_Vickrey
Henry_George,William_Vickrey
John_Maynard_Keynes,William_Vickrey
Richard_Rothstein,Jesse_Rothstein
Cornelius_Castoriadis,Jonathan_Nitzan
Lewis_Mumford,Jonathan_Nitzan
Karl_Marx,Jonathan_Nitzan
Karl_Popper,Lawrence_A._Boland
Charles_Bidwell,Lawton_Burns
James_Samuel_Coleman,Lawton_Burns
Frank_Knight,Aaron_Director
Paul_Samuelson,Abba_P._Lerner
John_Maynard_Keynes,Abba_P._Lerner
Jean-Baptiste_Say,Adam_Heydel
Gustav_Hugo,Adam_Müller
A._H._L._Heeren,Adam_Müller
A._L._von_Schlözer,Adam_Müller
A._W._Schlegel,Adam_Müller
Gentz,Adam_Müller
Richard_Stone,Agatha_Chapman
Karl_Marx,Agatha_Chapman
Keynes,Agatha_Chapman
Masahiro_Okuno-Fujiwara,Akihiko_Matsui
Ernest_Cassel,Alan_Walters
Herbert_A._Simon,Albert_Ando
Thomas_J._Sargent,Albert_Marcet
Parmenides,Alexander_Rüstow
Joan_Robinson,Alfred_Eichner
John_Maynard_Keynes,Alfred_Eichner
Alexander_Gerschenkron,Alfred_H._Conrad
John_Ruskin,Alfred_Marshall
Jules_Dupuit,Alfred_Marshall
Thomas_Carlyle,Alfred_Marshall
William_Stanley_Jevons,Alfred_Marshall
Henry_Sidgwick,Alfred_Marshall
Karl_Brunner,Allan_H._Meltzer
Milton_Friedman,Allan_H._Meltzer
John_Maynard_Keynes,Alvin_Hansen
John_Rawls,Amartya_Sen
Mary_Wollstonecraft,Amartya_Sen
Gautama_Buddha,Amartya_Sen
B._R._Ambedkar,Amartya_Sen
Adam_Smith,Amartya_Sen
John_Maynard_Keynes,Amartya_Sen
Karl_Marx,Amartya_Sen
Piero_Sraffa,Amartya_Sen
Joel_Mokyr,Daron_Acemoglu
Ronald_Coase,Duncan_Black
Charles_Lutwidge_Dodgson,Duncan_Black
Louis_Althusser,Duncan_K._Foley
Luigi_Pasinetti,Duncan_K._Foley
Étienne_Balibar,Duncan_K._Foley
William_Baumol,Duncan_K._Foley
Nikolai_Bukharin,Duncan_K._Foley
Karl_Marx,Duncan_K._Foley
Ladislaus_Bortkiewicz,Duncan_K._Foley
Michel_Aglietta,Duncan_K._Foley
Sidney_Weintraub,E._Roy_Weintraub
Herbert_Wilf,E._Roy_Weintraub
Lawrence_Klein,E._Roy_Weintraub
Friedrich_Hayek,Ed_Crane
Ludwig_von_Mises,Ed_Crane
Milton_Friedman,Ed_Crane
Léon_Walras,Edmond_Malinvaud
John_Rawls,Edmund_Phelps
Paul_Samuelson,Edmund_Phelps
William_Fellner,Edmund_Phelps
Thomas_Schelling,Edmund_Phelps
Thomas_J._Sargent,Eric_Ghysels
Halbert_White,Eric_Ghysels
Lars_Peter_Hansen,Eric_Ghysels
Christopher_Sims,Eric_Ghysels
Clive_Granger,Eric_Ghysels
Robert_Engle,Eric_Ghysels
Knut_Wicksell,Erik_Lindahl
Thorstein_Veblen,Erik_S._Reinert
Gunnar_Myrdal,Erik_S._Reinert
John_Maynard_Keynes,Erik_S._Reinert
Ragnar_Nurkse,Erik_S._Reinert
Joseph_Schumpeter,Erik_S._Reinert
John_Maynard_Keynes,Erwin_Rothbarth
Mihály_Simai,Erzsébet_Nováky
Economic_liberalism,Ettore_Gotti_Tedeschi
G._D._H._Cole,Evan_Durbin
Lionel_Robbins,Evan_Durbin
James_Meade,Evan_Durbin
Solly_Zuckerman,Evan_Durbin
John_Bowlby,Evan_Durbin
Reginald_Bassett,Evan_Durbin
R._H._Tawney,Evan_Durbin
John_Maynard_Keynes,Evsey_Domar
John_A._Hobson,Evsey_Domar
Leo_Tolstoy,F._A._Harper
Herbert_J._Davenport,F._A._Harper
David_Ricardo,Fernando_Vianello
Adam_Smith,Fernando_Vianello
Paolo_Sylos_Labini,Fernando_Vianello
John_Maynard_Keynes,Fernando_Vianello
Pierangelo_Garegnani,Fernando_Vianello
Piero_Sraffa,Fernando_Vianello
Robert_S._Kaplan,Finn_E._Kydland
Simon_Kuznets,Andy_Sumner
Celso_Furtado,Andy_Sumner
W._Arthur_Lewis,Andy_Sumner
Amartya_Sen,Andy_Sumner
Dudley_Seers,Andy_Sumner
Nicholas_Kaldor,Andy_Sumner
Nikolai_Kondratiev,Andy_Sumner
Gunnar_Myrdal,Andy_Sumner
Hans_Singer,Andy_Sumner
Karl_Polanyi,Andy_Sumner
Micha?_Kalecki,Andy_Sumner
Osvaldo_Sunkel,Andy_Sumner
Gunnar_Myrdal,Nicholas_Kaldor
John_Maynard_Keynes,Nicholas_Kaldor
Luigi_Einaudi,Nicola_Acocella
Bruno_de_Finetti,Nicola_Acocella
Edmund_Phelps,Nicola_Acocella
Federico_Caffè,Nicola_Acocella
Henri_Theil,Nicola_Acocella
Jan_Tinbergen,Nicola_Acocella
Ragnar_Frisch,Nicola_Acocella
Vilfredo_Pareto,Nikola_Stoyanov
Clément_Juglar,Nikola_Stoyanov
Alexander_Sergeyevich_Lappo-Danilevsky,Nikolai_Kondratiev
Mikhail_Tugan-Baranovsky,Nikolai_Kondratiev
John_Maynard_Keynes,Nobuo_Okishio
Karl_Marx,Nobuo_Okishio
Hyman_Minsky,Nouriel_Roubini
John_Maynard_Keynes,Nouriel_Roubini
Larry_Summers,Nouriel_Roubini
Carl_Menger,Oskar_Morgenstern
Othmar_Spann,Oskar_Morgenstern
Ludwig_von_Mises,Oskar_R._Lange
Karl_Marx,Oskar_R._Lange
Richard_Kahn,Paolo_Leon
Joseph_Schumpeter,Paolo_Sylos_Labini
Adam_Smith,Paolo_Sylos_Labini
Robert_Mundell,Pascal_Salin
Friedrich_Hayek,Pascal_Salin
Ludwig_von_Mises,Pascal_Salin
Milton_Friedman,Pascal_Salin
Alfred_Marshall,Gerald_Shove
Martin_Weitzman,Gernot_Wagner
Nat_Keohane,Gernot_Wagner
Richard_Zeckhauser,Gernot_Wagner
Edmund_Phelps,Guillermo_Calvo
Julio_Olivera,Guillermo_Calvo
Raúl_Prebisch,Gunnar_Myrdal
Frédéric_Bastiat,Gustave_de_Molinari
Henri_Cartan,Gérard_Debreu
Paul_Douglas,H._Gregg_Lewis
Joseph_Stiglitz,Ha-Joon_Chang
Bertrand_de_Jouvenel,Hans-Hermann_Hoppe
Paul_Lorenzen,Hans-Hermann_Hoppe
Murray_Rothbard,Hans-Hermann_Hoppe
Erik_von_Kuehnelt-Leddihn,Hans-Hermann_Hoppe
Gustave_de_Molinari,Hans-Hermann_Hoppe
Jürgen_Habermas,Hans-Hermann_Hoppe
Karl-Otto_Apel,Hans-Hermann_Hoppe
Karl_Ludwig_von_Haller,Hans-Hermann_Hoppe
Immanuel_Kant,Hans-Hermann_Hoppe
Ludwig_von_Mises,Hans_Sennholz
John_von_Neumann,Hardy_Hanappi
Georg_Wilhelm_Friedrich_Hegel,Hardy_Hanappi
Karl_Marx,Hardy_Hanappi
Joseph_Schumpeter,Hardy_Hanappi
Joseph_Schumpeter,Harry_Gordon_Johnson
Henry_George,Harry_Gunnison_Brown
Tjalling_Koopmans,Harry_Markowitz
Leonard_Savage,Harry_Markowitz
Broadus_Mitchell,Harvey_J._Levin
John_Kenneth_Galbraith,Harvey_J._Levin
John_Maynard_Keynes,Harvey_J._Levin
John_Maynard_Keynes,Heiner_Flassbeck
Rerum_novarum,Heinrich_Pesch
Richard_Stone,Hendrik_S._Houthakker
Jan_Tinbergen,Henri_Theil
David_Hume,Henry_Hazlitt
Frédéric_Bastiat,Henry_Hazlitt
Wilhelm_Röpke,Henry_Hazlitt
William_James,Henry_Hazlitt
Adam_Smith,Henry_Hazlitt
H._L._Mencken,Henry_Hazlitt
Herbert_Spencer,Henry_Hazlitt
Karl_Pearson,Henry_Ludwell_Moore
Carl_Grünberg,Henryk_Grossman
Karl_Marx,Henryk_Grossman
Jean_de_Sismondi,Henryk_Grossman
Robert_Solow,Herbert_Giersch
Joseph_Schumpeter,Herbert_Giersch
Friedrich_Hayek,Herbert_Giersch
John_Maynard_Keynes,Herbert_Giersch
Robert_Solow,Herbert_Mohring
John_Stuart_Mill,Herman_Daly
Thomas_Robert_Malthus,Herman_Daly
Nicholas_Georgescu-Roegen,Herman_Daly
Henry_George,Herman_Daly
Irving_Fisher,Herman_Daly
Kenneth_E._Boulding,Herman_Daly
Friedrich_Hayek,Hernando_de_Soto
Bruno_Leoni,Hernando_de_Soto
Milton_Friedman,Hernando_de_Soto
John_von_Neumann,Hervé_Moulin
Jean-Charles_de_Borda,Hervé_Moulin
Marquis_de_Condorcet,Hervé_Moulin
Shokichi_Iyanaga,Hirofumi_Uzawa
Joichi_Suetsuna,Hirofumi_Uzawa
Hajime_Kawakami,Hirofumi_Uzawa
Kenneth_Arrow,Hirofumi_Uzawa
Margaret_Mead,Irene_Tinker
William_Stanley_Jevons,Irving_Fisher
Eugen_von_Böhm-Bawerk,Irving_Fisher
Friedrich_Hayek,Israel_Kirzner
Friedrich_von_Wieser,Israel_Kirzner
Ludwig_von_Mises,Israel_Kirzner
Albert_F._Mummery,J._A._Hobson
Henry_George,J._A._Hobson
Henry_Hyndman,J._A._Hobson
Andrei_Shleifer,J._Bradford_DeLong
Adam_Smith,J._Bradford_DeLong
John_Maynard_Keynes,J._Bradford_DeLong
Lawrence_Summers,J._Bradford_DeLong
Gandhi,J._K._Mehta
William_Stanley_Jevons,J._K._Mehta
J._K._Gibson-Graham,Jack_Amariglio
Friedrich_Nietzsche,Jack_Amariglio
Louis_Althusser,Jack_Amariglio
Karl_Marx,Jack_Amariglio
Michel_Foucault,Jack_Amariglio
H._Gregg_Lewis,Jacob_Mincer
Robert_J._Aumann,Jacques_Drèze
Leonard_Jimmie_Savage,Jacques_Drèze
Kenneth_Arrow,Jacques_Drèze
Robert_Solow,Jagdish_Bhagwati
John_Maynard_Keynes,James_Crotty
Karl_Marx,James_Crotty
Paul_Samuelson,James_Duesenberry
John_Hicks,James_Duesenberry
John_Maynard_Keynes,James_Duesenberry
Micha?_Kalecki,James_Duesenberry
Harold_W._Kuhn,James_G._MacKinnon
Gary_Becker,James_Heckman
Albert_Rees,James_Heckman
Jacob_Mincer,James_Heckman
Friedrich_Hayek,James_M._Buchanan
Gordon_Tullock,James_M._Buchanan
Thomas_Hobbes,James_M._Buchanan
Ludwig_von_Mises,James_M._Buchanan
Martin_Feldstein,James_M._Poterba
John_Maynard_Keynes,James_Meade
Richard_Layard,Jan-Emmanuel_De_Neve
John_Kenneth_Galbraith,Jan-Emmanuel_De_Neve
William_C._Dudley,Jan_Hatzius
Arthur_Goldberger,Jan_Kmenta
Richard_Cantillon,Jean-Baptiste_Say
Adam_Smith,Jean-Baptiste_Say
Pietro_Verri,Jean-Baptiste_Say
Ricardo_Hausmann,Jean-Louis_Arcand
Amartya_Sen,Jean-Louis_Arcand
James_Heckman,Jean-Louis_Arcand
Jerry_Hausman,Jean-Louis_Arcand
Montesquieu,Jean_de_Sismondi
Machiavelli,Jean_de_Sismondi
Adam_Ferguson,Jean_de_Sismondi
Adam_Smith,Jean_de_Sismondi
Jean-Louis_de_Lolme,Jean_de_Sismondi
Robert_Axelrod,Huw_Dixon
Herbert_A._Simon,Huw_Dixon
James_Mirrlees,Huw_Dixon
George_S._Tolley,Jeffrey_Currie
Arnold_Zellner,Jeffrey_Currie
Friedrich_Hayek,Armen_Alchian
Ludwig_von_Mises,Armen_Alchian
Adam_Smith,Armen_Alchian
David_Hume,Arnold_Plant
Edwin_Cannan,Arnold_Plant
Henry_Sidgwick,Arthur_Cecil_Pigou
Friedrich_Hayek,Arthur_Seldon
Antony_Fisher,Arthur_Seldon
Milton_Friedman,Arthur_Seldon
John_Maynard_Keynes,Athanasios_Asimakopulos
Milton_Friedman,Athanasios_Orphanides
Frédéric_Bastiat,Atilla_Yayla
Joseph_Schumpeter,Attilio_Celant
Walter_Christaller,Attilio_Celant
Alfred_Marshall,Attilio_Celant
Alfred_Weber,Attilio_Celant
Amartya_Sen,Attilio_Celant
Federico_Caffè,Attilio_Celant
Gunnar_Myrdal,Attilio_Celant
John_Maynard_Keynes,Attilio_Celant
Charles_Goodhart,Charles_Chinedu_Okeahalam
Martin_Feldstein,Charles_Horioka
Kelvin_Lancaster,Jess_Benhabib
Steven_D._Levitt,Jesse_Shapiro
Carl_Menger,Jesús_Huerta_de_Soto
Friedrich_Hayek,Jesús_Huerta_de_Soto
Murray_Rothbard,Jesús_Huerta_de_Soto
Ludwig_von_Mises,Jesús_Huerta_de_Soto
Eugen_von_Böhm-Bawerk,Jesús_Huerta_de_Soto
Adam_Smith,Joan_Robinson
John_Maynard_Keynes,Joan_Robinson
Karl_Marx,Joan_Robinson
Piero_Sraffa,Joan_Robinson
Abram_Bergson,Johannes_de_Villiers_Graaff
Vernon_L._Smith,John_A._List
Gary_Becker,John_A._List
Karl_Knies,John_Bates_Clark
Joseph_Schumpeter,John_Burr_Williams
Robert_Mundell,John_C._Goodman
Milton_Friedman,John_C._Goodman
Léon_Walras,John_Hicks
John_Maynard_Keynes,John_Hicks
Robert_Fogel,John_Komlos
Peter_C.B._Phillips,Jun_Yu
Rothbard,Jörg_Guido_Hülsmann
H.H._Hoppe,Jörg_Guido_Hülsmann
Aquinas,Jörg_Guido_Hülsmann
Adolf_Reinach,Jörg_Guido_Hülsmann
Oresme,Jörg_Guido_Hülsmann
Van_Dun,Jörg_Guido_Hülsmann
Ludwig_von_Mises,Jörg_Guido_Hülsmann
James_Tobin,Jörg_Huffschmid
John_Maynard_Keynes,Jörg_Huffschmid
Karl_Marx,Jörg_Huffschmid
Heinz_König,Jürgen_Wolters
Wassily_Leontief,Karen_R._Polenske
Robert_Owen,Karl_Polanyi
Richard_Thurnwald,Karl_Polanyi
Max_Weber,Karl_Polanyi
G._D._H._Cole,Karl_Polanyi
Bronis?aw_Malinowski,Karl_Polanyi
Werner_Sombart,Karl_Polanyi
Karl_Bücher,Karl_Polanyi
Adam_Smith,Karl_Polanyi
Alfred_Radcliffe-Brown,Karl_Polanyi
Ferdinand_Tönnies,Karl_Polanyi
György_Lukács,Karl_Polanyi
Aristotle,Karl_Polanyi
Karl_Marx,Karl_Polanyi
Richard_Tawney,Karl_Polanyi
Clive_Granger,Katarina_Juselius
Søren_Johansen,Katarina_Juselius
David_F._Hendry,Katarina_Juselius
Elinor_Ostrom,Kate_Raworth
Tim_Jackson,Kate_Raworth
Paul_Samuelson,Katsuhito_Iwai
Knut_Wicksell,Katsuhito_Iwai
John_Maynard_Keynes,Kazuhide_Uekusa
Milton_Friedman,Kazuhide_Uekusa
Alfred_Tarski,Kenneth_Arrow
Milton_Friedman,Kevin_Dowd
Gary_Becker,Kevin_M._Murphy
Armen_Alchian,Kevin_M._Murphy
Finis_Welch,Kevin_M._Murphy
Robert_Topel,Kevin_M._Murphy
Friedrich_Hayek,Larry_J._Sechrest
Murray_Rothbard,Larry_J._Sechrest
Ludwig_von_Mises,Larry_J._Sechrest
Ayn_Rand,Larry_J._Sechrest
Edmund_Burke,Larry_J._Sechrest
Christopher_A._Sims,Lars_Peter_Hansen
Thomas_J._Sargent,Lars_Peter_Hansen
Amartya_Sen,Lars_Pålsson_Syll
John_Kenneth_Galbraith,Lars_Pålsson_Syll
John_Maynard_Keynes,Lars_Pålsson_Syll
Allyn_Abbott_Young,Lauchlin_Currie
Martin_Feldstein,Laurence_Kotlikoff
Jan_Tinbergen,Lawrence_Klein
Friedrich_Hayek,Lawrence_Reed
Frédéric_Bastiat,Lawrence_Reed
Ludwig_von_Mises,Lawrence_Reed
Henry_Hazlitt,Lawrence_Reed
Clive_Granger,Søren_Johansen
David_F._Hendry,Søren_Johansen
Thorstein_Veblen,Herbert_J._Davenport
Oskar_Morgenstern,Gerhard_Tintner
Gary_Becker,Glenn_Loury
Thomas_Sowell,Glenn_Loury
Frank_Knight,Don_Patinkin
John_Maynard_Keynes,Don_Patinkin
Knut_Wicksell,Don_Patinkin
Richard_Stone,Donald_Cochrane
Deirdre_McCloskey,Donald_J._Boudreaux
Friedrich_Hayek,Donald_J._Boudreaux
Adam_Smith,Donald_J._Boudreaux
James_M._Buchanan,Donald_J._Boudreaux
Richard_Kahn,Marc_Lavoie
Nicholas_Kaldor,Marc_Lavoie
Joan_Robinson,Marc_Lavoie
John_Maynard_Keynes,Marc_Lavoie
Jan_Tinbergen,Mari_Rege
John_Maynard_Keynes,Mari_Rege
Ragnar_Frisch,Mari_Rege
John_Maynard_Keynes,Mariana_Mazzucato
Ben_Bernanke,Mark_Gertler
Ludwig_von_Mises,Mark_Skousen
W._Cleon_Skousen,Mark_Skousen
Adam_Smith,Mark_Skousen
John_Maynard_Keynes,Mark_Skousen
Karl_Marx,Mark_Skousen
Frederic_Bastiat,Mark_Thornton
Murray_Rothbard,Mark_Thornton
Lew_Rockwell,Mark_Thornton
Ludwig_von_Mises,Mark_Thornton
Ben_Bernanke,Markus_Brunnermeier
Roy_Harrod,Philip_Pilkington
Léon_Walras,Philip_Pilkington
Nicholas_Kaldor,Philip_Pilkington
Joan_Robinson,Philip_Pilkington
John_Maynard_Keynes,Philip_Pilkington
Micha?_Kalecki,Philip_Pilkington
Wynne_Godley,Philip_Pilkington
William_Stanley_Jevons,Philip_Wicksteed
Henry_George,Philip_Wicksteed
Robert_Solow,Phoebus_Dhrymes
David_Ricardo,Piero_Sraffa
Luigi_Einaudi,Piero_Sraffa
Joseph_de_Maistre,Pierre_Guillaume_Frédéric_le_Play
Adam_Heydel,Ferdynand_Zweig
Joseph_Schumpeter,Igor_Yegorov
Richard_R._Nelson,Igor_Yegorov
Christopher_Freeman,Igor_Yegorov
Finn_Kydland,Kjetil_Storesletten
David_Ricardo,Knut_Wicksell
Tjalling_Koopmans,Koichi_Hamada
Georg_Wilhelm_Friedrich_Hegel,Kozo_Uno
Karl_Marx,Kozo_Uno
Farkas_Heller,Kálmán_Kádas
Edwin_Mills,Michael_C._Lovell
Guy_Orcutt,Michael_C._Lovell
Walter_Eucken,Michael_Hüther
D._G._Champernowne,Michael_James_Farrell
Philip_Andrews,Michael_James_Farrell
Arthur_Cecil_Pigou,Michael_Kaser
John_Maynard_Keynes,Michael_Kaser
Richard_Zeckhauser,Michael_Spence
Rosa_Luxemburg,Micha?_Kalecki
Joseph_Schumpeter,Micha?_Kalecki
François_Quesnay,Micha?_Kalecki
Karl_Marx,Micha?_Kalecki
Knut_Wicksell,Micha?_Kalecki
Mikhail_Tugan-Baranovsky,Micha?_Kalecki
Milton_Friedman,Miguel_Kast
Arnold_Harberger,Miguel_Sidrauski
Eric_Maskin,Mike_Moffatt
Milton_Friedman,Mike_Moffatt
Homer_Jones,Milton_Friedman
George_Stigler,Milton_Friedman
Simon_Kuznets,Milton_Friedman
Adam_Smith,Milton_Friedman
Harold_Hotelling,Milton_Friedman
Henry_George,Milton_Friedman
Henry_Schultz,Milton_Friedman
Jacob_Viner,Milton_Friedman
Arthur_F._Burns,Milton_Friedman
Friedrich_Hayek,Bruce_Caldwell
Adam_Smith,Nassau_William_Senior
"Robert_Lucas,_Jr.",Neil_Wallace
Richard_Thaler,Nicholas_Barberis
Ronald_Coase,Oliver_E._Williamson
Richard_Cyert,Oliver_E._Williamson
Chester_Barnard,Oliver_E._Williamson
Friedrich_Hayek,Oliver_E._Williamson
Herbert_A._Simon,Oliver_E._Williamson
Kenneth_Arrow,Oliver_E._Williamson
Ian_Roderick_Macneil,Oliver_E._Williamson
Rosa_Luxemburg,Carolina_Cristina_Alves
Theotônio_dos_Santos,Carolina_Cristina_Alves
Celso_Furtado,Carolina_Cristina_Alves
Joan_Robinson,Carolina_Cristina_Alves
John_Maynard_Keynes,Carolina_Cristina_Alves
Karl_Marx,Carolina_Cristina_Alves
Jorge_Miglioli,Carolina_Cristina_Alves
Vânia_Bambirra,Carolina_Cristina_Alves
Edward_C._Prescott,Rajnish_Mehra
Friedrich_Hayek,Ralph_Harris
Murray_Rothbard,Randall_G._Holcombe
James_M._Buchanan,Randall_G._Holcombe
P.R._Sarkar,Ravi_Batra
Amartya_Sen,Ravi_Kanbur
Heinz_König,Wolfgang_Franz
Fritz_Machlup,Wolfgang_Kasper
Thomas_Sowell,Wolfgang_Kasper
Herbert_Giersch,Wolfgang_Kasper
Friedrich_Hayek,Wolfgang_Kasper
Joseph_Schumpeter,Wolfgang_Kasper
John_Maynard_Keynes,Wolfgang_Stützel
Nicholas_Kaldor,Wynne_Godley
James_Tobin,Wynne_Godley
John_Maynard_Keynes,Wynne_Godley
Francis_Cripps,Wynne_Godley
Cornelius_Castoriadis,Shimshon_Bichler
Lewis_Mumford,Shimshon_Bichler
Karl_Marx,Shimshon_Bichler
Carl_Shoup,Lorraine_Eden
Charles_Berry,Lorraine_Eden
Alan_M._Rugman,Lorraine_Eden
John_H._Dunning,Lorraine_Eden
David_Ricardo,Maffeo_Pantaleoni
Karl_Marx,Thomas_T._Sekine
Piero_Sraffa,Tony_Aspromourgos
Martin_Weitzman,Nat_Keohane
Richard_Zeckhauser,Nat_Keohane
John_Maynard_Keynes,Nadeem_Naqvi
Carl_Menger,Peter_G._Klein
Friedrich_Hayek,Peter_G._Klein
Friedrich_von_Wieser,Peter_G._Klein
Ludwig_von_Mises,Peter_G._Klein
Oliver_E._Williamson,Peter_G._Klein
George_Stigler,Thomas_Sowell
Sterling_Allen_Brown,Thomas_Sowell
Adam_Smith,Thomas_Sowell
Karl_Marx,Thomas_Sowell
Ronald_Coase,Richard_L._Sandor
Thomas_Schelling,Richard_Zeckhauser
Joseph_Schumpeter,Carlota_Elena_Pérez_Pérez
Christopher_Freeman,Carlota_Elena_Pérez_Pérez
Cecilia_Conrad,Rhonda_Vonshay_Sharpe
William_A._Darity_Jr.,Rhonda_Vonshay_Sharpe
